	-- Deleting old records
	DELETE from npc where npcid > 91315;
	DELETE from mobskill where mobid > 91315;
	DELETE from spawnlist where npc_templateid > 91315;
	DELETE from etcitem where name = 'Sakura Forest Teleport';
	DELETE from etcitem where name = 'Fruity Forest Teleport';

	-- EASIER STUFF
	INSERT INTO `npc`  VALUES ('91316', 'Sakura Baphomet', 'Sakura Baphomet', '', 'L1Monster', '53', '55', '2500', '700', '-65', '85', '20', '25', '17', '35', '80', '20000', '-100', 'small', '2', '1', '0', '480', '400', '800', '500', '1200', '2', '0', '0', '0', '0', '0', '', '0', '-1', '-1', '0', '0', '0', '5000', '300', '5000', '300', '0', '0', '0', '0', '0', '0', '0', '0', '1', '0', '0', '0', '0', '0', '-1', '0', '0', '1', '0', '1');
	INSERT INTO `npc`  VALUES ('91317', 'Sakura Mambo Rabbit', 'Sakura Mambo Rabbit', '', 'L1Monster', '4174', '55', '2500', '3000', '-35', '35', '18', '25', '18', '40', '50', '20000', '-100', 'small', '0', '1', '0', '960', '800', '0', '300', '1200', '0', '0', '0', '0', '0', '0', '', '0', '-1', '-1', '0', '0', '0', '5000', '8', '5000', '20', '0', '0', '0', '0', '0', '0', '0', '0', '0', '0', '0', '0', '0', '0', '-1', '0', '0', '1', '0', '1');
	INSERT INTO `npc`  VALUES ('91318', 'Sakura Beleth', 'Sakura Beleth', '', 'L1Monster', '1011', '55', '2500', '700', '-66', '85', '20', '25', '20', '35', '80', '20000', '-100', 'small', '2', '1', '0', '480', '400', '800', '500', '1200', '2', '0', '0', '0', '0', '0', '', '0', '-1', '-1', '0', '0', '0', '5000', '380', '5000', '380', '0', '0', '0', '0', '0', '0', '0', '0', '1', '0', '0', '0', '0', '0', '-1', '0', '0', '1', '0', '1');
	INSERT INTO `npc`  VALUES ('91319', 'Sakura Zenith Queen', 'Sakura Zenith Queen', '', 'L1Monster', '2807', '55', '2000', '5000', '-50', '65', '18', '55', '18', '35', '70', '20000', '-70', 'large', '0', '1', '0', '480', '1000', '0', '1000', '1000', '0', '1', '0', '0', '0', '0', '', '0', '-1', '-1', '0', '0', '0', '5000', '75', '0', '0', '0', '0', '0', '0', '0', '0', '0', '0', '0', '0', '0', '1', '0', '0', '-1', '0', '3', '1', '0', '1');
	INSERT INTO `npc`  VALUES ('91320', 'Sakura Spirit', 'Sakura Spirit', '', 'L1Monster', '4493', '60', '6000', '3000', '-55', '90', '40', '50', '44', '39', '80', '20000', '0', 'large', '2', '1', '0', '960', '1000', '1200', '1200', '1200', '0', '1', '0', '0', '0', '0', 'pollution', '0', '-1', '-1', '0', '0', '0', '5000', '400', '0', '0', '0', '0', '0', '0', '0', '0', '0', '0', '1', '0', '0', '1', '0', '0', '-1', '0', '0', '1', '0', '1');

	-- Wabbit
	INSERT INTO `npc` VALUES ('91321', 'Wabbit', 'Wabbit', '', 'L1Monster', '3783', '25', '20', '300', '20', '9', '10', '9', '16', '25', '15', '26', '0', 'small', '0', '1', '1', '960', '1040', '1120', '800', '800', '0', '0', '0', '1', '1', '1', 'manborabbit', '1', '-1', '-1', '0', '0', '0', '5000', '2', '5000', '5', '0', '0', '0', '0', '0', '0', '0', '0', '0', '0', '0', '1', '0', '0', '-1', '0', '0', '1', '0', '1');
	INSERT INTO `mobskill` VALUES ('91321', '0', 'Wabbit', 'Cone of Cold', '2', '100', '0', '0', '-6', '0', '0', '0', '0', '0', '5', '38', '1809', '0', '0', '0', '0', '0');

	-- EASIER STUFF SKILLS
	INSERT INTO `mobskill` VALUES ('91316', '0', 'Sakura Baphomet', 'Eruption', '2', '20', '0', '0', '-6', '0', '0', '0', '0', '0', '20', '45', '0', '0', '0', '0', '0', '0');
	INSERT INTO `mobskill` VALUES ('91316', '1', 'Sakura Baphomet', 'Summon Skeleton', '3', '7', '0', '0', '-3', '3', '0', '0', '0', '0', '0', '0', '0', '18', '81088', '2', '6', '0');
	INSERT INTO `mobskill` VALUES ('91317', '0', 'Sakura Mambo Rabbit', NULL, '2', '20', '0', '0', '-4', '0', '0', '0', '0', '0', '10', '10037', '0', '0', '0', '0', '0', '0');
	INSERT INTO `mobskill` VALUES ('91317', '1', 'Sakura Mambo Rabbit', 'Summon Rabbits', '3', '7', '0', '0', '-3', '3', '0', '0', '0', '0', '0', '0', '0', '18', '91321', '5', '10', '0');
	INSERT INTO `mobskill` VALUES ('91317', '2', 'Sakura Mambo Rabbit', 'Ice Eruption', '2', '20', '0', '0', '-6', '0', '0', '0', '0', '0', '30', '10035', '0', '0', '0', '0', '0', '0');
	INSERT INTO `mobskill` VALUES ('91318', '0', 'Sakura Beleth', 'Fireball', '2', '20', '0', '0', '-6', '0', '0', '0', '0', '0', '60', '25', '0', '0', '0', '0', '0', '0');
	INSERT INTO `mobskill` VALUES ('91318', '1', 'Sakura Beleth', 'Summon Cerberus', '3', '7', '0', '0', '-3', '3', '0', '0', '0', '0', '0', '0', '0', '18', '45241', '2', '4', '0');
	INSERT INTO `mobskill` VALUES ('91319', '0', 'Sakura Zenith Queen', NULL, '2', '40', '0', '0', '-6', '0', '0', '0', '0', '0', '10', '10004', '0', '0', '0', '0', '0', '0');
	INSERT INTO `mobskill` VALUES ('91320', '0', 'Sakura Spirit', NULL, '2', '30', '0', '0', '-6', '0', '0', '0', '0', '0', '0', '10079', '0', '0', '0', '0', '0', '0');
	INSERT INTO `mobskill` VALUES ('91320', '1', 'Sakura Spirit', 'Summon Servant of Spirit', '3', '5', '0', '0', '-3', '0', '0', '0', '0', '0', '0', '0', '0', '0', '45794', '4', '8', '0');


	-- HARDER BOSSES
	INSERT INTO `npc` VALUES ('91322', 'Fruity Phoenix', 'Fruity Phoenix', '', 'L1Monster', '1791', '75', '10000', '800', '-63', '70', '18', '38', '32', '30', '100', '3482', '-130', 'large', '4', '2', '0', '960', '800', '0', '800', '800', '0', '0', '0', '0', '0', '0', '', '0', '-1', '-1', '0', '0', '0', '5000', '350', '5000', '500', '0', '0', '0', '0', '0', '0', '0', '0', '1', '0', '0', '0', '0', '0', '-1', '0', '0', '1', '0', '1');
	INSERT INTO `npc` VALUES ('91323', 'Fruity Iris', 'Fruity Iris', '', 'L1Monster', '3180', '75', '10000', '1200', '-75', '80', '13', '64', '13', '40', '100', '4097', '-80', 'large', '0', '1', '0', '1040', '700', '1920', '800', '800', '3', '0', '0', '0', '0', '0', '', '0', '-1', '-1', '0', '0', '0', '5000', '275', '5000', '275', '0', '0', '0', '0', '0', '0', '0', '0', '1', '0', '0', '0', '0', '0', '-1', '0', '14', '1', '0', '1');
	INSERT INTO `npc` VALUES ('91324', 'Fruity Death', 'Fruity Death', '', 'L1Monster', '4587', '75', '12000', '500', '-65', '70', '21', '21', '21', '40', '100', '4901', '-5', 'large', '0', '2', '0', '1000', '600', '1040', '900', '900', '3', '0', '0', '0', '0', '0', '', '0', '-1', '-1', '0', '0', '0', '5000', '250', '5000', '250', '0', '0', '0', '0', '0', '0', '0', '4', '1', '0', '0', '0', '4592', '100', '-1', '0', '0', '1', '0', '1');
	INSERT INTO `npc` VALUES ('91326', 'Fruity Squid', 'Fruity Squid', '', 'L1Monster', '5547', '75', '8000', '700', '-55', '85', '18', '16', '10', '40', '100', '3365', '-200', 'large', '8', '2', '0', '960', '500', '1000', '800', '800', '0', '0', '0', '0', '0', '0', '', '0', '-1', '-1', '0', '0', '0', '5000', '50', '5000', '16', '0', '0', '0', '0', '0', '0', '0', '0', '0', '0', '0', '0', '0', '0', '-1', '0', '0', '1', '0', '1');
	INSERT INTO `npc` VALUES ('91327', 'Fruity Varlok', 'Fruity Varlok', '', 'L1Monster', '2538', '75', '6000', '700', '-70', '90', '27', '25', '25', '35', '100', '3250', '-180', 'large', '0', '1', '0', '960', '500', '1400', '800', '800', '2', '0', '0', '0', '0', '0', '', '0', '-1', '-1', '0', '0', '0', '0', '0', '5000', '300', '0', '0', '0', '0', '0', '0', '0', '0', '0', '0', '0', '0', '0', '0', '-1', '0', '0', '1', '0', '1');
	INSERT INTO `npc` VALUES ('91328', 'Fruity Queen', 'Fruity Queen', '', 'L1Monster', '1390', '75', '10000', '600', '-75', '55', '18', '20', '17', '50', '100', '3250', '-120', 'large', '2', '3', '0', '1280', '400', '0', '800', '800', '0', '0', '0', '0', '0', '0', '', '0', '-1', '-1', '0', '0', '0', '5000', '200', '5000', '200', '0', '0', '0', '0', '0', '0', '0', '0', '1', '0', '0', '0', '0', '0', '-1', '0', '0', '1', '0', '1');
	INSERT INTO `npc` VALUES ('91329', 'Fruity Death Knight', 'Fruity Death Knight', '', 'L1Monster', '240', '75', '10000', '500', '-67', '75', '18', '17', '15', '30', '100', '3026', '-120', 'small', '2', '1', '0', '640', '300', '760', '800', '800', '3', '0', '0', '0', '0', '0', '', '0', '-1', '-1', '0', '0', '0', '5000', '310', '5000', '200', '0', '0', '0', '0', '0', '0', '0', '0', '1', '0', '0', '0', '0', '0', '-1', '0', '14', '1', '0', '1');

	-- HARDER BOSSES SKILLS
	INSERT INTO `mobskill` VALUES ('91322', '0', 'Fruity Phoenix', NULL, '2', '30', '0', '0', '-8', '0', '0', '0', '0', '0', '12', '10018', '0', '0', '0', '0', '0', '0');
	INSERT INTO `mobskill` VALUES ('91322', '1', 'Fruity Phoenix', NULL, '1', '100', '0', '0', '-2', '0', '0', '2', '0', '0', '30', '0', '0', '0', '0', '0', '0', '0');
	INSERT INTO `mobskill` VALUES ('91322', '2', 'Fruity Phoenix', 'Summon Taurvs', '3', '25', '0', '0', '-3', '0', '0', '0', '0', '0', '0', '0', '0', '0', '45520', '2', '4', '0');
	INSERT INTO `mobskill` VALUES ('91323', '0', 'Fruity Iris', 'Tornado', '2', '30', '0', '0', '-4', '0', '0', '0', '0', '0', '80', '53', '0', '0', '0', '0', '0', '0');
	INSERT INTO `mobskill` VALUES ('91323', '1', 'Fruity Iris', NULL, '1', '100', '0', '0', '-3', '0', '0', '3', '0', '0', '30', '0', '0', '0', '0', '0', '0', '0');
	INSERT INTO `mobskill` VALUES ('91323', '2', 'Fruity Iris', 'Summon Tigers', '3', '25', '0', '0', '-3', '0', '0', '0', '0', '0', '0', '0', '0', '0', '45528', '2', '4', '0');
	INSERT INTO `mobskill` VALUES ('91324', '0', 'Fruity Death', NULL, '2', '80', '0', '0', '5', '0', '0', '0', '0', '0', '0', '10057', '0', '0', '0', '0', '0', '0');
	INSERT INTO `mobskill` VALUES ('91324', '1', 'Fruity Death', 'Shock Stun', '2', '50', '0', '0', '-1', '0', '0', '0', '0', '0', '0', '87', '0', '0', '0', '0', '0', '0');
	INSERT INTO `mobskill` VALUES ('91324', '2', 'Fruity Death', 'Cancel', '2', '20', '0', '0', '-4', '0', '0', '0', '0', '0', '0', '44', '0', '0', '0', '0', '0', '0');
	INSERT INTO `mobskill` VALUES ('91324', '4', 'Fruity Death', NULL, '3', '7', '0', '0', '-4', '0', '0', '0', '0', '0', '0', '0', '0', '0', '45542', '1', '1', '0');
	INSERT INTO `mobskill` VALUES ('91324', '6', 'Fruity Death', 'Summon Disciple of Death (Fallen Baphomet)', '3', '15', '0', '0', '-4', '0', '0', '0', '0', '0', '0', '0', '0', '0', '45597', '1', '1', '0');
	INSERT INTO `mobskill` VALUES ('91324', '7', 'Fruity Death', 'Summon Disciple of Death (Fallen Beleth)', '3', '15', '0', '0', '-4', '0', '0', '0', '0', '0', '0', '0', '0', '0', '45598', '1', '1', '0');
	INSERT INTO `mobskill` VALUES ('91324', '8', 'Fruity Death', 'Energy Bolt', '2', '100', '0', '0', '-1', '0', '0', '0', '0', '0', '80', '4', '0', '0', '0', '0', '0', '0');
	INSERT INTO `mobskill` VALUES ('91324', '9', 'Fruity Death', NULL, '1', '100', '0', '0', '-5', '0', '0', '5', '0', '0', '50', '0', '0', '0', '0', '0', '0', '0');
	INSERT INTO `mobskill` VALUES ('91326', '0', 'Fruity Squid', NULL, '2', '30', '0', '0', '-7', '0', '0', '0', '0', '0', '30', '10075', '0', '0', '0', '0', '0', '0');
	INSERT INTO `mobskill` VALUES ('91327', '0', 'Fruity Varlok', NULL, '2', '10', '0', '0', '-4', '0', '0', '0', '0', '0', '20', '10069', '0', '0', '0', '0', '0', '0');
	INSERT INTO `mobskill` VALUES ('91327', '1', 'Fruity Varlok', NULL, '2', '10', '0', '0', '-15', '0', '0', '0', '0', '0', '20', '10070', '0', '0', '0', '0', '0', '0');
	INSERT INTO `mobskill` VALUES ('91327', '2', 'Fruity Varlok', 'Shock Stun', '2', '15', '0', '0', '-1', '0', '0', '0', '0', '0', '0', '87', '0', '0', '0', '0', '0', '0');
	INSERT INTO `mobskill` VALUES ('91327', '3', 'Fruity Varlok', 'Summon Lesser Demon', '3', '20', '0', '0', '-3', '0', '0', '0', '0', '0', '0', '0', '0', '0', '45582', '1', '2', '0');
	INSERT INTO `mobskill` VALUES ('91327', '4', 'Fruity Varlok', 'Summon Succ', '3', '20', '0', '0', '-3', '0', '0', '0', '0', '0', '0', '0', '0', '0', '45450', '1', '2', '0');
	INSERT INTO `mobskill` VALUES ('91328', '0', 'Fruity Giant Ant Queen', NULL, '2', '15', '0', '0', '5', '0', '0', '0', '0', '0', '0', '10057', '0', '0', '0', '0', '0', '0');
	INSERT INTO `mobskill` VALUES ('91328', '1', 'Fruity Giant Ant Queen', 'Root Debuff', '2', '10', '0', '0', '-5', '0', '0', '0', '0', '0', '30', '10071', '0', '0', '0', '0', '0', '0');
	INSERT INTO `mobskill` VALUES ('91328', '3', 'Fruity Giant Ant Queen', NULL, '2', '50', '0', '0', '-6', '0', '0', '0', '0', '0', '30', '10056', '0', '0', '0', '0', '0', '0');
	INSERT INTO `mobskill` VALUES ('91328', '4', 'Fruity Giant Ant Queen', NULL, '2', '50', '0', '0', '-15', '0', '0', '0', '0', '0', '30', '10019', '0', '0', '0', '0', '0', '0');
	INSERT INTO `mobskill` VALUES ('91328', '5', 'Fruity Giant Ant Queen', NULL, '1', '100', '0', '0', '-3', '0', '0', '3', '0', '0', '30', '0', '0', '0', '0', '0', '0', '0');
	INSERT INTO `mobskill` VALUES ('91329', '0', 'Fruity Death Knight', 'Vampiric Touch', '2', '20', '0', '0', '-3', '0', '0', '0', '0', '0', '35', '28', '0', '0', '0', '0', '0', '0');
	INSERT INTO `mobskill` VALUES ('91329', '1', 'Fruity Death Knight', NULL, '2', '45', '0', '0', '-6', '0', '0', '0', '0', '0', '15', '10056', '0', '0', '0', '0', '0', '0');
	INSERT INTO `mobskill` VALUES ('91329', '2', 'Fruity Death Knight', 'Summon Spartoi', '3', '15', '0', '0', '-3', '0', '0', '0', '0', '0', '0', '0', '0', '0', '45455', '1', '2', '0');
	INSERT INTO `mobskill` VALUES ('91329', '3', 'Fruity Death Knight', NULL, '1', '100', '0', '0', '-1', '0', '0', '1', '0', '0', '20', '0', '0', '0', '0', '0', '0', '0');

	-- BIG FAT BOSS
	INSERT INTO `npc` VALUES ('91330', 'Fruity Valakas', 'Fruity Valakas', '', 'L1Monster', '2001', '80', '16000', '4500', '-99', '78', '20', '8', '22', '18', '180', '9026', '10000', 'large', '4', '2', '0', '480', '1840', '2520', '1840', '1840', '0', '0', '0', '1', '1', '1', '', '0', '-1', '-1', '0', '0', '0', '5000', '1000', '5000', '500', '0', '0', '0', '0', '0', '0', '0', '0', '1', '0', '0', '0', '0', '91331', '2001', '1590', '0', '1', '0', '1');
	INSERT INTO `npc` VALUES ('91331', 'Kindergarten Fafurion', 'Kindergarten Fafurion', '', 'L1Monster', '1590', '80', '11000', '5000', '-99', '78', '20', '8', '22', '18', '180', '8650', '10000', 'large', '8', '2', '0', '480', '1600', '3480', '1600', '1600', '0', '0', '1', '1', '1', '1', '', '0', '-1', '-1', '0', '0', '0', '5000', '1000', '5000', '500', '0', '0', '0', '0', '0', '0', '0', '0', '1', '0', '0', '0', '0', '91332', '2544', '0', '0', '1', '0', '1');
	INSERT INTO `npc` VALUES ('91332', 'Baby Lindvior', 'Baby Lindvior', '', 'L1Monster', '2544', '80', '10000', '900', '-99', '66', '21', '18', '20', '18', '180', '7570', '10000', 'large', '1', '2', '0', '480', '1600', '2240', '1600', '1600', '0', '0', '0', '0', '0', '0', '', '0', '-1', '-1', '0', '0', '0', '5000', '1000', '5000', '500', '0', '0', '0', '0', '0', '0', '0', '0', '1', '0', '0', '0', '0', '91333', '1245', '0', '0', '1', '0', '1');
	INSERT INTO `npc` VALUES ('91333', 'Crying Antharas', 'Crying Antharas', '', 'L1Monster', '1245', '85', '12200', '800', '-99', '80', '21', '10', '20', '18', '180', '8101', '10000', 'large', '2', '2', '0', '480', '2240', '1960', '2240', '2240', '0', '1', '0', '1', '1', '1', '', '0', '-1', '-1', '0', '0', '0', '5000', '1000', '5000', '500', '0', '0', '0', '0', '0', '0', '0', '0', '1', '0', '0', '0', '0', '0', '-1', '0', '0', '1', '0', '1');

	-- Antharas
	INSERT INTO `mobskill` VALUES ('91333', '0', 'Antharas', NULL, '2', '100', '50', '0', '-15', '3', '0', '0', '0', '0', '1000', '10054', '0', '0', '0', '0', '0', '0');
	INSERT INTO `mobskill` VALUES ('91333', '1', 'Antharas', NULL, '2', '2', '0', '0', '-9', '0', '0', '0', '0', '0', '0', '10027', '0', '0', '0', '0', '0', '0');
	INSERT INTO `mobskill` VALUES ('91333', '2', 'Antharas', 'Eruption', '2', '20', '0', '0', '3', '0', '0', '0', '0', '0', '200', '45', '0', '0', '0', '0', '0', '0');
	INSERT INTO `mobskill` VALUES ('91333', '3', 'Antharas', NULL, '2', '50', '0', '0', '5', '0', '0', '0', '0', '0', '50', '10054', '0', '0', '0', '0', '0', '0');
	INSERT INTO `mobskill` VALUES ('91333', '4', 'Antharas', NULL, '2', '50', '0', '0', '-4', '0', '0', '0', '0', '0', '50', '10054', '0', '0', '0', '0', '0', '0');
	INSERT INTO `mobskill` VALUES ('91333', '5', 'Antharas', NULL, '1', '100', '75', '0', '-3', '0', '0', '3', '3', '4', '200', '0', '0', '1', '0', '0', '0', '0');
	INSERT INTO `mobskill` VALUES ('91333', '6', 'Antharas', NULL, '1', '10', '0', '0', '-2', '0', '0', '2', '0', '0', '150', '0', '0', '5', '0', '0', '0', '0');
	INSERT INTO `mobskill` VALUES ('91333', '7', 'Antharas', NULL, '1', '10', '0', '0', '-2', '0', '0', '2', '0', '0', '150', '0', '0', '12', '0', '0', '0', '0');


	-- Valakas
	INSERT INTO `mobskill` VALUES ('91330', '0', 'Valakas', NULL, '2', '100', '50', '0', '-15', '3', '0', '0', '0', '0', '1000', '10052', '0', '0', '0', '0', '0', '0');
	INSERT INTO `mobskill` VALUES ('91330', '1', 'Valakas', NULL, '2', '50', '0', '0', '5', '0', '0', '0', '0', '0', '50', '10052', '0', '0', '0', '0', '0', '0');
	INSERT INTO `mobskill` VALUES ('91330', '2', 'Valakas', NULL, '2', '50', '0', '0', '0', '0', '0', '0', '0', '0', '50', '10052', '0', '0', '0', '0', '0', '0');
	INSERT INTO `mobskill` VALUES ('91330', '3', 'Valakas', NULL, '2', '2', '0', '0', '-9', '0', '0', '0', '0', '0', '0', '10028', '0', '0', '0', '0', '0', '0');
	INSERT INTO `mobskill` VALUES ('91330', '4', 'Valakas', NULL, '1', '100', '75', '0', '-3', '0', '0', '3', '3', '4', '200', '0', '0', '1', '0', '0', '0', '0');
	INSERT INTO `mobskill` VALUES ('91330', '5', 'Valakas', NULL, '1', '10', '0', '0', '-2', '0', '0', '2', '0', '0', '150', '0', '0', '5', '0', '0', '0', '0');

	-- Lindvior
	INSERT INTO `mobskill` VALUES ('91332', '0', 'Lindvior', NULL, '2', '100', '50', '0', '-15', '3', '0', '0', '0', '0', '1000', '10053', '0', '0', '0', '0', '0', '0');
	INSERT INTO `mobskill` VALUES ('91332', '1', 'Lindvior', NULL, '2', '2', '0', '0', '-9', '0', '0', '0', '0', '0', '0', '10026', '0', '0', '0', '0', '0', '0');
	INSERT INTO `mobskill` VALUES ('91332', '2', 'Lindvior', NULL, '2', '50', '0', '0', '5', '0', '0', '0', '0', '0', '50', '10053', '0', '0', '0', '0', '0', '0');
	INSERT INTO `mobskill` VALUES ('91332', '3', 'Lindvior', NULL, '2', '50', '0', '0', '-4', '0', '0', '0', '0', '0', '50', '10053', '0', '0', '0', '0', '0', '0');
	INSERT INTO `mobskill` VALUES ('91332', '4', 'Lindvior', NULL, '1', '100', '75', '0', '-3', '0', '0', '3', '3', '4', '200', '0', '0', '1', '0', '0', '0', '0');
	INSERT INTO `mobskill` VALUES ('91332', '5', 'Lindvior', NULL, '1', '10', '0', '0', '-2', '0', '0', '2', '0', '0', '150', '0', '0', '5', '0', '0', '0', '0');
	INSERT INTO `mobskill` VALUES ('91332', '6', 'Lindvior', NULL, '1', '10', '0', '0', '-2', '0', '0', '2', '0', '0', '150', '0', '0', '12', '0', '0', '0', '0');

	-- Fafurion
	INSERT INTO `mobskill` VALUES ('91331', '0', 'Fafurion', NULL, '2', '100', '50', '0', '-15', '3', '0', '0', '0', '0', '1000', '10051', '0', '0', '0', '0', '0', '0');
	INSERT INTO `mobskill` VALUES ('91331', '1', 'Fafurion', NULL, '2', '50', '0', '0', '5', '0', '0', '0', '0', '0', '50', '10051', '0', '0', '0', '0', '0', '0');
	INSERT INTO `mobskill` VALUES ('91331', '2', 'Fafurion', NULL, '2', '50', '0', '0', '0', '0', '0', '0', '0', '0', '50', '10051', '0', '0', '0', '0', '0', '0');
	INSERT INTO `mobskill` VALUES ('91331', '3', 'Fafurion', NULL, '2', '10', '0', '0', '-4', '0', '0', '0', '0', '0', '100', '10050', '0', '0', '0', '0', '0', '0');
	INSERT INTO `mobskill` VALUES ('91331', '4', 'Fafurion', NULL, '1', '100', '75', '0', '-3', '0', '0', '3', '3', '4', '200', '0', '0', '1', '0', '0', '0', '0');
	INSERT INTO `mobskill` VALUES ('91331', '5', 'Fafurion', NULL, '1', '10', '0', '0', '-2', '0', '0', '2', '0', '0', '150', '0', '0', '5', '0', '0', '0', '0');
	INSERT INTO `mobskill` VALUES ('91331', '6', 'Fafurion', NULL, '1', '10', '0', '0', '-2', '0', '0', '2', '0', '0', '150', '0', '0', '12', '0', '0', '0', '0');
	INSERT INTO `mobskill` VALUES ('91331', '7', 'Fafurion', NULL, '1', '10', '0', '0', '-3', '0', '0', '3', '3', '4', '200', '0', '0', '25', '0', '0', '0', '0');
	INSERT INTO `mobskill` VALUES ('91331', '8', 'Fafurion', NULL, '2', '2', '0', '0', '-9', '0', '0', '0', '0', '0', '0', '10029', '0', '0', '0', '0', '0', '0');

	-- Items
	INSERT INTO `etcitem` VALUES ('240103', 'Sakura Forest Teleport', 'Sakura Forest Teleport', 'Sakura Forest Teleport', 'scroll', 'normal', 'paper', '630', '551', '22', '0', '0', '0', '0', '0', '0', '0', '32762', '32790', '610', '1', '0', '0', '0', '3', '3000', '0', '0', '0');
	INSERT INTO `etcitem` VALUES ('240104', 'Fruity Forest Teleport', 'Fruity Forest Teleport', 'Fruity Forest Teleport', 'scroll', 'normal', 'paper', '630', '551', '22', '0', '0', '0', '0', '0', '0', '0', '32790', '32785', '612', '1', '0', '0', '0', '3', '3000', '0', '0', '0');

	-- SPAWN SAKURA
	INSERT INTO `spawnlist` VALUES ('801500735', 'Sakura Baphomet', '5', '91316', '0', '32768', '32850', '200', '200', '0', '0', '0', '0', '5', '60', '120', '610', '0', '0', '0', '0', '1', '8', '2', '100');
	INSERT INTO `spawnlist` VALUES ('801500736', 'Sakura Mambo Rabbit', '5', '91317', '0', '32768', '32850', '200', '200', '0', '0', '0', '0', '5', '60', '120', '610', '0', '0', '0', '0', '1', '8', '2', '100');
	INSERT INTO `spawnlist` VALUES ('801500737', 'Sakura Beleth', '5', '91318', '0', '32768', '32850', '200', '200', '0', '0', '0', '0', '5', '60', '120', '610', '0', '0', '0', '0', '1', '8', '2', '100');
	INSERT INTO `spawnlist` VALUES ('801500738', 'Sakura Zenith Queen', '5', '91319', '0', '32768', '32850', '200', '200', '0', '0', '0', '0', '5', '60', '120', '610', '0', '0', '0', '0', '1', '8', '2', '100');
	INSERT INTO `spawnlist` VALUES ('801500739', 'Sakura Spirit', '5', '91320', '0', '32768', '32850', '200', '200', '0', '0', '0', '0', '5', '60', '120', '610', '0', '0', '0', '0', '1', '8', '2', '100');

	-- SPAWN FRUITY
	INSERT INTO `spawnlist` VALUES ('801500757', 'Fruity Phoenix', '3', '91322', '0', '32758', '32827', '250', '250', '0', '0', '0', '0', '4', '60', '120', '612', '0', '0', '0', '0', '1', '8', '2', '100');
	INSERT INTO `spawnlist` VALUES ('801500758', 'Fruity Iris', '3', '91323', '0', '32758', '32827', '250', '250', '0', '0', '0', '0', '4', '60', '120', '612', '0', '0', '0', '0', '1', '8', '2', '100');
	INSERT INTO `spawnlist` VALUES ('801500759', 'Fruity Death', '2', '91324', '0', '32758', '32827', '250', '250', '0', '0', '0', '0', '4', '60', '120', '612', '0', '0', '0', '0', '1', '8', '2', '100');
	INSERT INTO `spawnlist` VALUES ('801500760', 'Fruity Squid', '3', '91326', '0', '32758', '32827', '250', '250', '0', '0', '0', '0', '4', '60', '120', '612', '0', '0', '0', '0', '1', '8', '2', '100');
	INSERT INTO `spawnlist` VALUES ('801500761', 'Fruity Varlok', '2', '91327', '0', '32758', '32827', '250', '250', '0', '0', '0', '0', '4', '60', '120', '612', '0', '0', '0', '0', '1', '8', '2', '100');
	INSERT INTO `spawnlist` VALUES ('801500762', 'Fruity Queen', '3', '91328', '0', '32758', '32827', '250', '250', '0', '0', '0', '0', '4', '60', '120', '612', '0', '0', '0', '0', '1', '8', '2', '100');
	INSERT INTO `spawnlist` VALUES ('801500763', 'Fruity Death Knight', '3', '91329', '0', '32758', '32827', '250', '250', '0', '0', '0', '0', '4', '60', '120', '612', '0', '0', '0', '0', '1', '8', '2', '100');