-- Boss event where boss spawns hourly.

-- NPCs
INSERT INTO `npc` (`npcid`,`name`,`nameid`,`note`,`impl`,`gfxid`,`lvl`,`hp`,`mp`,`ac`,`str`,`con`,`dex`,`wis`,`intel`,`mr`,`exp`,`lawful`,`size`,`weakAttr`,`ranged`,`tamable`,`passispeed`,`atkspeed`,`alt_atk_speed`,`atk_magic_speed`,`sub_magic_speed`,`undead`,`poison_atk`,`paralysis_atk`,`agro`,`agrososc`,`agrocoi`,`family`,`agrofamily`,`agrogfxid1`,`agrogfxid2`,`picupitem`,`digestitem`,`bravespeed`,`hprinterval`,`hpr`,`mprinterval`,`mpr`,`teleport`,`randomlevel`,`randomhp`,`randommp`,`randomac`,`randomexp`,`randomlawful`,`damage_reduction`,`hard`,`doppel`,`IsTU`,`IsErase`,`bowActId`,`karma`,`transform_id`,`transform_gfxid`,`light_size`,`amount_fixed`,`change_head`,`cant_resurrect`) 
VALUES (95000,'Zenith Queen','$2395','Boss Event','L1Monster',2807,45,1200,250,-50,55,18,45,18,18,70,2026,-70,'large',0,1,0,480,1480,0,1760,1960,0,1,0,1,1,1,'',0,-1,-1,0,0,0,5000,75,0,0,0,0,0,0,0,0,0,0,0,0,0,1,0,0,-1,0,3,1,0,1),
(95034,'Seer','$2397','Boss Event','L1Monster',2773,50,1500,300,-53,60,15,50,18,18,75,2501,-60,'large',0,1,0,480,1440,0,1400,1600,0,0,0,1,1,1,'',0,-1,-1,0,0,0,5000,75,5000,75,0,0,0,0,0,0,0,0,1,0,0,0,0,0,-1,0,3,1,0,1),
(95060,'Baphomet','$306','Boss Event','L1Monster',53,51,3000,350,-65,68,20,18,17,16,80,2602,-100,'small',2,1,0,480,760,800,800,1050,2,0,0,1,1,1,'',0,-1,-1,0,0,0,5000,300,5000,300,0,0,0,0,0,0,0,0,1,0,0,0,0,0,-1,0,0,1,0,1),
(95070,'Beleth','$945','Boss Event','L1Monster',1011,53,2100,350,-66,68,20,18,20,20,80,2810,-100,'small',2,1,0,480,760,800,800,1050,2,0,0,1,1,1,'',0,-1,-1,0,0,0,5000,380,5000,380,0,0,0,0,0,0,0,0,1,0,0,0,0,0,-1,0,0,1,0,1),
(95087,'Kurtz','$274','Boss Event','L1Monster',3101,55,2000,250,-67,75,18,17,15,17,65,3026,-120,'small',0,1,0,640,680,1080,960,1050,0,0,0,1,1,1,'antiking',1,0,4,0,0,0,5000,420,5000,200,0,0,0,0,0,0,0,0,1,0,0,0,0,0,-1,0,0,1,0,1),
(95088,'Death Knight','$371','Boss Event','L1Monster',240,55,4000,250,-67,75,18,17,15,17,65,3026,-120,'small',2,1,0,640,600,760,900,960,3,0,0,1,1,1,'',0,-1,-1,0,0,0,5000,310,5000,200,0,0,0,0,0,0,0,0,1,0,0,0,0,0,-1,0,14,1,0,1),
(95097,'Ancient Giant','$2109','Boss Event','L1Monster',2421,56,5000,350,-63,20,20,18,18,20,70,3137,-80,'large',2,1,0,960,1880,0,1880,1880,0,0,0,1,1,1,'giant',1,-1,-1,0,0,0,5000,200,5000,225,0,0,0,0,0,0,0,0,1,0,0,0,0,0,-1,0,0,1,0,1),
(95139,'Cougar','$2587','Boss Event','L1Monster',3049,63,2800,400,-65,65,20,63,8,20,75,3970,-200,'large',0,1,0,480,440,1560,440,440,0,0,0,1,1,1,'',0,-1,-1,0,0,0,5000,200,5000,200,0,0,0,0,0,0,0,0,1,0,0,0,0,0,-1,0,3,1,0,1),
(95140,'Mummy Lord','$2589','Boss Event','L1Monster',3086,63,5000,750,-60,65,22,63,22,22,99,3970,-250,'large',0,1,0,1200,440,680,440,440,3,0,0,1,1,1,'',0,-1,-1,0,0,0,5000,250,5000,250,0,0,0,0,0,0,0,0,1,0,0,0,0,0,-1,0,3,1,0,1),
(95141,'Iris','$2609','Boss Event','L1Monster',3180,64,3100,900,-75,70,13,64,13,18,99,4097,-80,'large',0,1,0,1040,1400,1920,1240,1240,3,0,0,1,1,1,'',0,-1,-1,0,0,0,5000,275,5000,275,0,0,0,0,0,0,0,0,1,0,0,0,0,0,-1,0,14,1,0,1),
(95159,'Lich','$2110','Boss Event','L1Monster',2495,66,6000,1250,-75,50,20,66,22,23,99,4357,-250,'large',0,2,0,1920,1440,1280,1600,1240,3,0,0,1,1,1,'',0,-1,-1,0,0,0,5000,250,5000,350,0,0,0,0,0,0,0,0,1,0,0,0,0,0,-1,0,14,1,0,1),
(95160,'Grim Reaper','$2590','Boss Event','L1Monster',3387,68,8000,1200,-80,20,20,20,20,20,80,4625,-250,'large',0,2,0,960,1440,0,1400,4000,3,0,0,1,1,1,'',0,-1,-1,0,0,0,5000,350,5000,350,0,0,0,0,0,0,0,0,1,0,0,0,0,0,-1,0,8,1,0,1),
(95172,'Tarak','$3407','Boss Event','L1Monster',4068,68,6600,1250,-75,66,20,66,22,20,99,4625,-10,'large',8,3,0,720,960,1280,960,960,3,0,0,1,1,1,'',0,-1,-1,0,0,0,5000,440,5000,150,0,0,0,0,0,0,0,20,1,0,0,0,0,100,-1,0,0,1,0,1),
(95239,'Varlok','$2114','Boss Event','L1Monster',5507,40,10000,300,-110,35,21,11,21,18,100,1601,-5,'large',0,3,0,960,960,960,1000,1000,2,0,0,1,1,1,'',0,-1,-1,0,0,0,5000,50,5000,50,0,0,0,0,0,0,0,0,0,0,0,0,0,-120,45753,0,0,1,0,1),
(95442,'Supreme Court Justice Kenya','$4300','Boss Event','L1Monster',5373,62,13500,500,-65,15,18,20,14,16,60,3845,-25,'large',0,2,0,960,1240,1280,1400,1400,0,0,0,1,1,1,'lastabad',1,-1,-1,0,0,0,5000,50,5000,30,0,0,0,0,0,0,0,0,0,0,0,0,0,0,-1,0,0,1,0,1),
(95443,'Supreme Court Justice Viatas','$4302','Boss Event','L1Monster',5365,68,15500,500,-69,19,18,17,13,12,50,4625,-25,'large',0,2,0,960,1400,1160,1600,1600,0,0,0,1,1,1,'lastabad',1,-1,-1,0,0,0,5000,70,5000,50,0,0,0,0,0,0,0,0,0,0,0,0,0,0,-1,0,0,1,0,1),
(95444,'Supreme Court Justice Baromes','$4297','Boss Event','L1Monster',5478,70,16664,700,-71,18,18,19,20,20,68,4901,-25,'large',0,1,0,640,1000,1400,1520,1520,0,0,0,1,1,1,'lastabad',1,-1,-1,0,0,0,5000,70,5000,50,0,0,0,0,0,0,0,0,0,0,0,0,0,0,-1,0,0,1,0,1),
(95445,'Supreme Court Justice Endias','$4303','Boss Event','L1Monster',5293,73,18688,700,-78,17,18,20,16,17,70,5330,-25,'large',2,8,0,1040,1240,1040,1560,1560,0,0,0,1,1,1,'lastabad',1,-1,-1,0,0,0,5000,70,5000,50,0,0,0,0,0,0,0,0,0,0,0,0,0,0,-1,0,0,1,0,1),
(95446,'Supreme Court Justice Edea','$4299','Boss Event','L1Monster',5297,64,14788,500,-68,15,18,18,15,16,60,4097,-25,'large',0,2,0,720,1320,1200,1680,1680,0,0,0,1,1,1,'lastabad',1,-1,-1,0,0,0,5000,50,5000,50,0,0,0,0,0,0,0,0,0,0,0,0,0,0,-1,0,0,1,0,1),
(95447,'Supreme Court Justice Tiames','$4301','Boss Event','L1Monster',5274,72,18144,500,-75,18,18,19,20,20,71,5185,-25,'large',2,1,0,640,1200,1120,1280,1680,0,0,0,1,1,1,'lastabad',1,-1,-1,0,0,0,5000,100,5000,50,0,0,0,0,0,0,0,0,0,0,0,0,0,0,-1,0,0,1,0,1),
(95448,'Supreme Court Justice Ramias','$4298','Boss Event','L1Monster',5284,74,18652,350,-78,21,20,16,12,13,65,5477,-25,'large',2,1,0,1040,1200,1240,1600,2120,0,0,0,1,1,1,'lastabad',1,-1,-1,0,0,0,5000,100,5000,50,0,0,0,0,0,0,0,0,0,0,0,0,0,0,-1,0,0,1,0,1),
(95449,'Supreme Court Justice Barode','$4296','Boss Event','L1Monster',5471,77,19688,500,-78,20,18,17,15,16,80,5930,-25,'large',0,1,0,800,720,1000,920,1200,0,0,0,1,1,1,'lastabad',1,-1,-1,0,0,0,5000,100,5000,50,0,0,0,0,0,0,0,0,0,0,0,0,0,0,-1,0,0,1,0,1),
(95610,'Thebes Horus','$5501','Boss Event','L1Monster',6569,70,20000,100,-140,70,22,21,21,22,80,4901,-315,'large',8,1,0,600,1720,1760,960,1720,0,0,0,1,1,1,'',0,-1,-1,0,0,0,5000,5000,5000,20,0,0,0,0,0,0,0,0,0,0,0,1,0,0,-1,0,0,0,0,0),
(95611,'Thebes Anubis','$5500','Boss Event','L1Monster',6595,70,25000,100,-140,75,22,21,21,23,80,4901,-315,'large',1,1,0,600,1800,1400,1600,1600,0,0,0,1,1,1,'',0,-1,-1,0,0,0,5000,5000,5000,20,0,0,0,0,0,0,0,0,0,0,0,1,0,0,-1,0,0,0,0,0),
(95628,'Ice Queen','$1771','Boss Event','L1Monster',6581,60,15000,1000,-65,40,25,30,28,28,60,5000,-200,'small',0,1,0,960,1320,0,1320,1320,0,0,0,1,1,1,'icequeen',1,-1,-1,0,0,0,5000,150,5000,100,1,0,0,0,0,0,0,0,1,0,0,0,0,0,-1,0,0,0,0,1);

-- droplist
INSERT INTO `droplist` (`mobId`,`mob_name`,`itemId`,`item_name`,`min`,`max`,`chance`) 
VALUES (95000,'Boss Event Zenith Queen',2,'Dice Dagger',1,1,210000),
(95000,'Boss Event Zenith Queen',41,'Katana',1,1,21000),
(95000,'Boss Event Zenith Queen',52,'Two Handed Sword',1,1,21000),
(95000,'Boss Event Zenith Queen',57,'Tsurugi',1,1,6300),
(95000,'Boss Event Zenith Queen',20110,'Chain Mail of Magic Resistance',1,1,21000),
(95000,'Boss Event Zenith Queen',20128,'Crystal Plate Mail',1,1,21000),
(95000,'Boss Event Zenith Queen',20154,'Plate Mail',1,1,21000),
(95000,'Boss Event Zenith Queen',20187,'Power Gloves',1,1,21000),
(95000,'Boss Event Zenith Queen',20298,'Ring of Zenith',1,1,10500),
(95000,'Boss Event Zenith Queen',20308,'Old Belt of Mind',1,1,70000),
(95000,'Boss Event Zenith Queen',20319,'Belt of Mind',1,1,52500),
(95000,'Boss Event Zenith Queen',40006,'Pine Wand',1,1,210000),
(95000,'Boss Event Zenith Queen',40007,'Ebony Wand',1,1,210000),
(95000,'Boss Event Zenith Queen',40008,'Maple Wand',1,1,210000),
(95000,'Boss Event Zenith Queen',40013,'Haste Potion',1,3,210000),
(95000,'Boss Event Zenith Queen',40014,'Potion of Bravery',1,3,210000),
(95000,'Boss Event Zenith Queen',40016,'Potion of Wisdom',1,3,210000),
(95000,'Boss Event Zenith Queen',40018,'Greater Haste Potion',1,3,210000),
(95000,'Boss Event Zenith Queen',40025,'Blinding Potion',1,1,210000),
(95000,'Boss Event Zenith Queen',40074,'Scroll of Enchant Armor',1,1,210000),
(95000,'Boss Event Zenith Queen',40087,'Scroll of Enchant Weapon',1,1,105000),
(95000,'Boss Event Zenith Queen',40089,'Scroll of Resurrection',1,1,210000),
(95000,'Boss Event Zenith Queen',40093,'Blank Scroll (Level 4)',1,3,210000),
(95000,'Boss Event Zenith Queen',40094,'Blank Scroll (Level 5)',1,3,210000),
(95000,'Boss Event Zenith Queen',40104,'TOI Teleport Scroll, 11F',1,3,700000),
(95000,'Boss Event Zenith Queen',40174,'Spellbook(Slow)',1,1,70000),
(95000,'Boss Event Zenith Queen',40185,'Spellbook(Darkness)',1,1,70000),
(95000,'Boss Event Zenith Queen',40192,'Spellbook(Weakness)',1,1,70000),
(95000,'Boss Event Zenith Queen',40221,'Spellbook(MassSlow)',1,1,70000),
(95000,'Boss Event Zenith Queen',40277,'Dark Spirit Crystal(ShadowFang)',1,1,70000),
(95000,'Boss Event Zenith Queen',40280,'Sealed TOI Teleport Charm, 11F',1,1,10500),
(95000,'Boss Event Zenith Queen',40308,'Adena',10000,15000,700000),
(95000,'Boss Event Zenith Queen',49134,'Memory Crystal(JoyofPain)',1,1,3500),
(95000,'Boss Event Zenith Queen',49148,'Scroll of Enchant Accessory',1,1,14700),
(95000,'Boss Event Zenith Queen',100052,'Two-Handed Sword',1,1,21000),
(95000,'Boss Event Zenith Queen',120154,'Plate Mail',1,1,21000),
(95000,'Boss Event Zenith Queen',140074,'Scroll of Enchant Armor',1,1,210000),
(95000,'Boss Event Zenith Queen',140087,'Scroll of Enchant Weapon',1,1,84000),
(95000,'Boss Event Zenith Queen',200052,'Two-Handed Sword',1,1,21000),
(95034,'Boss Event Seer',2,'Dice Dagger',1,1,210000),
(95034,'Boss Event Seer',41,'Katana',1,1,21000),
(95034,'Boss Event Seer',52,'Two Handed Sword',1,1,21000),
(95034,'Boss Event Seer',57,'Tsurugi',1,1,8400),
(95034,'Boss Event Seer',20077,'Cloak of Invisibility',1,1,1750),
(95034,'Boss Event Seer',20110,'Chain Mail of Magic Resistance',1,1,21000),
(95034,'Boss Event Seer',20128,'Crystal Plate Mail',1,1,15400),
(95034,'Boss Event Seer',20154,'Plate Mail',1,1,21000),
(95034,'Boss Event Seer',20187,'Power Gloves',1,1,15400),
(95034,'Boss Event Seer',20266,'Amulet of Intelligence',1,1,3500),
(95034,'Boss Event Seer',20308,'Old Belt of Mind',1,1,35000),
(95034,'Boss Event Seer',20319,'Belt of Mind',1,1,17500),
(95034,'Boss Event Seer',40006,'Pine Wand',1,1,210000),
(95034,'Boss Event Seer',40007,'Ebony Wand',1,1,210000),
(95034,'Boss Event Seer',40008,'Maple Wand',1,1,210000),
(95034,'Boss Event Seer',40013,'Haste Potion',1,3,210000),
(95034,'Boss Event Seer',40014,'Potion of Bravery',1,3,210000),
(95034,'Boss Event Seer',40015,'Potion of Mana',1,3,210000),
(95034,'Boss Event Seer',40016,'Potion of Wisdom',1,3,210000),
(95034,'Boss Event Seer',40018,'Greater Haste Potion',1,3,210000),
(95034,'Boss Event Seer',40025,'Blinding Potion',1,1,210000),
(95034,'Boss Event Seer',40044,'Diamond',1,1,210000),
(95034,'Boss Event Seer',40046,'Sapphire',1,1,210000),
(95034,'Boss Event Seer',40048,'High Quality Diamond',1,1,105000),
(95034,'Boss Event Seer',40050,'High Quality Sapphire',1,1,105000),
(95034,'Boss Event Seer',40052,'Highest Quality Diamond',1,1,15400),
(95034,'Boss Event Seer',40054,'Highest Quality Sapphire',1,1,35000),
(95034,'Boss Event Seer',40074,'Scroll of Enchant Armor',1,3,490000),
(95034,'Boss Event Seer',40087,'Scroll of Enchant Weapon',1,1,350000),
(95034,'Boss Event Seer',40089,'Scroll of Resurrection',1,1,210000),
(95034,'Boss Event Seer',40093,'Blank Scroll (Level 4)',1,3,210000),
(95034,'Boss Event Seer',40094,'Blank Scroll (Level 5)',1,3,210000),
(95034,'Boss Event Seer',40105,'TOI Teleport Scroll, 21F',1,3,700000),
(95034,'Boss Event Seer',40173,'Spellbook(VampiricTouch)',1,1,59500),
(95034,'Boss Event Seer',40184,'Spellbook(ManaDrain)',1,1,59500),
(95034,'Boss Event Seer',40185,'Spellbook(Darkness)',1,1,59500),
(95034,'Boss Event Seer',40192,'Spellbook(Weakness)',1,1,59500),
(95034,'Boss Event Seer',40201,'Spellbook(Disease)',1,1,59500),
(95034,'Boss Event Seer',40213,'Spellbook(ImmuneToHarm)',1,1,3500),
(95034,'Boss Event Seer',40278,'Dark Spirit Crystal(FinalBurn)',1,1,21000),
(95034,'Boss Event Seer',40281,'Sealed TOI Teleport Charm, 21F',1,1,10500),
(95034,'Boss Event Seer',40307,'Relic of Sayha',1,1,7350),
(95034,'Boss Event Seer',40308,'Adena',10000,15000,700000),
(95034,'Boss Event Seer',49128,'Memory Crystal(Phantasm)',1,1,7000),
(95034,'Boss Event Seer',49148,'Scroll of Enchant Accessory',1,1,210000),
(95034,'Boss Event Seer',100052,'Two-Handed Sword',1,1,21000),
(95034,'Boss Event Seer',120154,'Plate Mail',1,1,21000),
(95034,'Boss Event Seer',140074,'Scroll of Enchant Armor',1,1,210000),
(95034,'Boss Event Seer',140087,'Scroll of Enchant Weapon',1,1,210000),
(95034,'Boss Event Seer',200052,'Two-Handed Sword',1,1,21000),
(95060,'Boss Event Baphomet',41,'Katana',1,1,10500),
(95060,'Boss Event Baphomet',52,'Two Handed Sword',1,1,10500),
(95060,'Boss Event Baphomet',109,'Staff of Baphomet',1,1,1750),
(95060,'Boss Event Baphomet',20117,'Armor of Baphomet',1,1,700),
(95060,'Boss Event Baphomet',20154,'Plate Mail',1,1,10500),
(95060,'Boss Event Baphomet',20182,'Gloves',1,1,105000),
(95060,'Boss Event Baphomet',20244,'Old Amulet of Charisma',1,1,35000),
(95060,'Boss Event Baphomet',20254,'Amulet of Charisma',1,1,14000),
(95060,'Boss Event Baphomet',20284,'Ring of Summon Control',1,1,350),
(95060,'Boss Event Baphomet',20285,'Ring of Water Resistance',1,1,10500),
(95060,'Boss Event Baphomet',20288,'Ring of Teleport Control',1,1,3500),
(95060,'Boss Event Baphomet',20306,'Old Belt of Body',1,1,35000),
(95060,'Boss Event Baphomet',20307,'Old Belt of Soul',1,1,35000),
(95060,'Boss Event Baphomet',20308,'Old Belt of Mind',1,1,35000),
(95060,'Boss Event Baphomet',20312,'Belt of Body',1,1,17500),
(95060,'Boss Event Baphomet',20316,'Belt of Soul',1,1,17500),
(95060,'Boss Event Baphomet',20319,'Belt of Mind',1,1,17500),
(95060,'Boss Event Baphomet',40013,'Haste Potion',2,5,105000),
(95060,'Boss Event Baphomet',40014,'Potion of Bravery',2,5,105000),
(95060,'Boss Event Baphomet',40015,'Potion of Mana',2,5,105000),
(95060,'Boss Event Baphomet',40016,'Potion of Wisdom',2,5,105000),
(95060,'Boss Event Baphomet',40018,'Greater Haste Potion',2,5,105000),
(95060,'Boss Event Baphomet',40044,'Diamond',1,2,105000),
(95060,'Boss Event Baphomet',40046,'Sapphire',1,2,105000),
(95060,'Boss Event Baphomet',40047,'Emerald',1,2,105000),
(95060,'Boss Event Baphomet',40048,'High Quality Diamond',1,2,105000),
(95060,'Boss Event Baphomet',40050,'High Quality Sapphire',1,2,105000),
(95060,'Boss Event Baphomet',40051,'High Quality Emerald',1,2,105000),
(95060,'Boss Event Baphomet',40052,'Highest Quality Diamond',1,1,17500),
(95060,'Boss Event Baphomet',40054,'Highest Quality Sapphire',1,1,105000),
(95060,'Boss Event Baphomet',40055,'Highest Quality Emerald',1,1,17500),
(95060,'Boss Event Baphomet',40074,'Scroll of Enchant Armor',1,3,350000),
(95060,'Boss Event Baphomet',40087,'Scroll of Enchant Weapon',1,1,105000),
(95060,'Boss Event Baphomet',40089,'Scroll of Resurrection',1,5,105000),
(95060,'Boss Event Baphomet',40093,'Blank Scroll (Level 4)',1,2,105000),
(95060,'Boss Event Baphomet',40094,'Blank Scroll (Level 5)',1,2,105000),
(95060,'Boss Event Baphomet',40163,'Golden Key',1,1,35000),
(95060,'Boss Event Baphomet',40173,'Spellbook(VampiricTouch)',1,1,59500),
(95060,'Boss Event Baphomet',40175,'Spellbook(EarthJail)',1,1,59500),
(95060,'Boss Event Baphomet',40181,'Spellbook(TameMonster)',1,1,59500),
(95060,'Boss Event Baphomet',40186,'Spellbook(CreateZombie)',1,1,59500),
(95060,'Boss Event Baphomet',40190,'Spellbook(Eruption)',1,1,59500),
(95060,'Boss Event Baphomet',40193,'Spellbook(BlessWeapon)',1,1,59500),
(95060,'Boss Event Baphomet',40203,'Spellbook(Firewall)',1,1,17500),
(95060,'Boss Event Baphomet',40207,'Spellbook(Earthquake)',1,1,35000),
(95060,'Boss Event Baphomet',40242,'Spirit Crystal(EraseMagic)',1,1,17500),
(95060,'Boss Event Baphomet',40246,'Spirit Crystal(CounterMirror)',1,1,17500),
(95060,'Boss Event Baphomet',40256,'Spirit Crystal(FireWeapon)',1,1,105000),
(95060,'Boss Event Baphomet',40257,'Spirit Crystal(BlessOfFire)',1,1,59500),
(95060,'Boss Event Baphomet',40258,'Spirit Crystal(BurningWeapon)',1,1,17500),
(95060,'Boss Event Baphomet',40263,'Spirit Crystal(StormShot)',1,1,14000),
(95060,'Boss Event Baphomet',40308,'Adena',1000,5000,700000),
(95060,'Boss Event Baphomet',41430,'Scroll of Enchant Weapon: Earth',1,1,84000),
(95060,'Boss Event Baphomet',49114,'Dragon Tablet(HorrorOfDeath)',1,1,700),
(95060,'Boss Event Baphomet',49133,'Memory Crystal(Panic)',1,1,10500),
(95060,'Boss Event Baphomet',49148,'Scroll of Enchant Accessory',1,1,140000),
(95060,'Boss Event Baphomet',100041,'Katana',1,1,10500),
(95060,'Boss Event Baphomet',100052,'Two-Handed Sword',1,1,10500),
(95060,'Boss Event Baphomet',120182,'Gloves',1,1,105000),
(95060,'Boss Event Baphomet',140074,'Scroll of Enchant Armor',1,1,210000),
(95060,'Boss Event Baphomet',140087,'Scroll of Enchant Weapon',1,1,70000),
(95060,'Boss Event Baphomet',200052,'Two-Handed Sword',1,1,10500),
(95060,'Boss Event Baphomet',220154,'Plate Mail',1,1,10500),
(95070,'Boss Event Beleth',41,'Katana',1,1,21000),
(95070,'Boss Event Beleth',52,'Two Handed Sword',1,1,21000),
(95070,'Boss Event Beleth',110,'Staff of Beleth',1,1,1750),
(95070,'Boss Event Beleth',20154,'Plate Mail',1,1,21000),
(95070,'Boss Event Beleth',20182,'Gloves',1,1,210000),
(95070,'Boss Event Beleth',20204,'Boots of Beleth',1,1,1750),
(95070,'Boss Event Beleth',20248,'Old Amulet of Wisdom',1,1,210000),
(95070,'Boss Event Beleth',20267,'Amulet of Wisdom',1,1,7000),
(95070,'Boss Event Beleth',20284,'Ring of Summon Control',1,1,350),
(95070,'Boss Event Beleth',20288,'Ring of Teleport Control',1,1,3500),
(95070,'Boss Event Beleth',20302,'Ring of Wind Resistance',1,1,7000),
(95070,'Boss Event Beleth',20306,'Old Belt of Body',1,1,24500),
(95070,'Boss Event Beleth',20307,'Old Belt of Soul',1,1,24500),
(95070,'Boss Event Beleth',20308,'Old Belt of Mind',1,1,24500),
(95070,'Boss Event Beleth',20312,'Belt of Body',1,1,10500),
(95070,'Boss Event Beleth',20316,'Belt of Soul',1,1,10500),
(95070,'Boss Event Beleth',20319,'Belt of Mind',1,1,10500),
(95070,'Boss Event Beleth',40013,'Haste Potion',1,5,210000),
(95070,'Boss Event Beleth',40014,'Potion of Bravery',1,5,210000),
(95070,'Boss Event Beleth',40015,'Potion of Mana',1,5,210000),
(95070,'Boss Event Beleth',40016,'Potion of Wisdom',1,1,210000),
(95070,'Boss Event Beleth',40018,'Greater Haste Potion',1,1,210000),
(95070,'Boss Event Beleth',40044,'Diamond',1,1,210000),
(95070,'Boss Event Beleth',40045,'Ruby',1,1,210000),
(95070,'Boss Event Beleth',40048,'High Quality Diamond',1,1,210000),
(95070,'Boss Event Beleth',40049,'High Quality Ruby',1,1,210000),
(95070,'Boss Event Beleth',40052,'Highest Quality Diamond',1,1,21000),
(95070,'Boss Event Beleth',40053,'Highest Quality Ruby',1,1,210000),
(95070,'Boss Event Beleth',40074,'Scroll of Enchant Armor',1,3,350000),
(95070,'Boss Event Beleth',40087,'Scroll of Enchant Weapon',1,1,105000),
(95070,'Boss Event Beleth',40089,'Scroll of Resurrection',1,1,210000),
(95070,'Boss Event Beleth',40093,'Blank Scroll (Level 4)',1,1,210000),
(95070,'Boss Event Beleth',40094,'Blank Scroll (Level 5)',1,1,210000),
(95070,'Boss Event Beleth',40170,'Spellbook(Fireball)',1,1,59500),
(95070,'Boss Event Beleth',40171,'Spellbook(EnchantDex)',1,1,59500),
(95070,'Boss Event Beleth',40173,'Spellbook(VampiricTouch)',1,1,59500),
(95070,'Boss Event Beleth',40175,'Spellbook(EarthJail)',1,1,59500),
(95070,'Boss Event Beleth',40180,'Spellbook(GreaterHeal)',1,1,59500),
(95070,'Boss Event Beleth',40186,'Spellbook(CreateZombie)',1,1,59500),
(95070,'Boss Event Beleth',40190,'Spellbook(Eruption)',1,1,59500),
(95070,'Boss Event Beleth',40191,'Spellbook(SunBurst)',1,1,59500),
(95070,'Boss Event Beleth',40201,'Spellbook(Disease)',1,1,59500),
(95070,'Boss Event Beleth',40202,'Spellbook(FullHeal)',1,1,59500),
(95070,'Boss Event Beleth',40215,'Spellbook(FireStorm)',1,1,35000),
(95070,'Boss Event Beleth',40241,'Spirit Crystal(ElementalFallDown)',1,1,35000),
(95070,'Boss Event Beleth',40261,'Spirit Crystal(WindWalk)',1,1,35000),
(95070,'Boss Event Beleth',40262,'Spirit Crystal(EyeofStorm)',1,1,35000),
(95070,'Boss Event Beleth',40263,'Spirit Crystal(StormShot)',1,1,14000),
(95070,'Boss Event Beleth',40308,'Adena',459,732,700000),
(95070,'Boss Event Beleth',41430,'Scroll of Enchant Weapon: Earth',1,1,112000),
(95070,'Boss Event Beleth',49114,'Dragon Tablet(HorrorOfDeath)',1,1,700),
(95070,'Boss Event Beleth',49148,'Scroll of Enchant Accessory',1,1,122500),
(95070,'Boss Event Beleth',100041,'Katana',1,1,21000),
(95070,'Boss Event Beleth',100052,'Two-Handed Sword',1,1,21000),
(95070,'Boss Event Beleth',120182,'Gloves',1,1,210000),
(95070,'Boss Event Beleth',140074,'Scroll of Enchant Armor',1,1,175000),
(95070,'Boss Event Beleth',140087,'Scroll of Enchant Weapon',1,1,70000),
(95070,'Boss Event Beleth',200052,'Two-Handed Sword',1,1,21000),
(95070,'Boss Event Beleth',220154,'Plate Mail',1,1,21000),
(95087,'Boss Event Kurtz',31,'Long Sword',1,1,21000),
(95087,'Boss Event Kurtz',41,'Katana',1,1,21000),
(95087,'Boss Event Kurtz',52,'Two Handed Sword',1,1,21000),
(95087,'Boss Event Kurtz',54,'Sword of Kurtz',1,1,1750),
(95087,'Boss Event Kurtz',20041,'Helmet of Kurtz',1,1,22400),
(95087,'Boss Event Kurtz',20063,'Cloak of Protection',1,1,175000),
(95087,'Boss Event Kurtz',20085,'T-Shirt',1,1,175000),
(95087,'Boss Event Kurtz',20149,'Bronze Plate Mail',1,1,7000),
(95087,'Boss Event Kurtz',20150,'Armor of Kurtz',1,1,7000),
(95087,'Boss Event Kurtz',20182,'Gloves',1,1,210000),
(95087,'Boss Event Kurtz',20184,'Gloves of Kurtz',1,1,24500),
(95087,'Boss Event Kurtz',20205,'Boots',1,1,210000),
(95087,'Boss Event Kurtz',20214,'Boots of Kurtz',1,1,56000),
(95087,'Boss Event Kurtz',20229,'Shield of Reflection',1,1,35000),
(95087,'Boss Event Kurtz',20231,'Tower Shield',1,1,21000),
(95087,'Boss Event Kurtz',40014,'Potion of Bravery',2,5,210000),
(95087,'Boss Event Kurtz',40015,'Potion of Mana',2,5,210000),
(95087,'Boss Event Kurtz',40052,'Highest Quality Diamond',1,1,24500),
(95087,'Boss Event Kurtz',40053,'Highest Quality Ruby',1,1,38500),
(95087,'Boss Event Kurtz',40074,'Scroll of Enchant Armor',1,5,490000),
(95087,'Boss Event Kurtz',40087,'Scroll of Enchant Weapon',1,2,210000),
(95087,'Boss Event Kurtz',40089,'Scroll of Resurrection',1,1,210000),
(95087,'Boss Event Kurtz',40100,'Scroll of Teleportation',1,1,210000),
(95087,'Boss Event Kurtz',40164,'TechnicalDocument(ShockStun)',1,1,7000),
(95087,'Boss Event Kurtz',40165,'TechnicalDocument(ReductionArmor)',1,1,7000),
(95087,'Boss Event Kurtz',40196,'Spellbook(Summon)',1,1,7000),
(95087,'Boss Event Kurtz',40200,'Spellbook(Berzerkers)',1,1,35000),
(95087,'Boss Event Kurtz',40215,'Spellbook(FireStorm)',1,1,35000),
(95087,'Boss Event Kurtz',40308,'Adena',5000,15000,700000),
(95087,'Boss Event Kurtz',49110,'Dragon Tablet(ShockSkin)',1,1,700),
(95087,'Boss Event Kurtz',49148,'Scroll of Enchant Accessory',1,2,280000),
(95087,'Boss Event Kurtz',100041,'Katana',1,1,7000),
(95087,'Boss Event Kurtz',120149,'Bronze Plate Mail',1,1,3500),
(95087,'Boss Event Kurtz',140074,'Scroll of Enchant Armor',1,3,490000),
(95087,'Boss Event Kurtz',140087,'Scroll of Enchant Weapon',1,1,70000),
(95088,'Boss Event Death Knight',2,'Dice Dagger',1,1,210000),
(95088,'Boss Event Death Knight',41,'Katana',1,1,21000),
(95088,'Boss Event Death Knight',52,'Two Handed Sword',1,1,21000),
(95088,'Boss Event Death Knight',58,'Fire Sword of Death Knight',1,1,1750),
(95088,'Boss Event Death Knight',76,'Edoryu of Ronde',1,1,840),
(95088,'Boss Event Death Knight',20010,'Death Knight Helmet',1,1,5250),
(95088,'Boss Event Death Knight',20077,'Cloak of Invisibility',1,1,1750),
(95088,'Boss Event Death Knight',20100,'Death Knight Armor',1,1,5250),
(95088,'Boss Event Death Knight',20110,'Chain Mail of Magic Resistance',1,1,21000),
(95088,'Boss Event Death Knight',20154,'Plate Mail',1,1,21000),
(95088,'Boss Event Death Knight',20182,'Gloves',1,1,210000),
(95088,'Boss Event Death Knight',20264,'Amulet of Strength',1,1,24500),
(95088,'Boss Event Death Knight',20266,'Amulet of Intelligence',1,1,1750),
(95088,'Boss Event Death Knight',20281,'Ring of Polymorph Control',1,1,3500),
(95088,'Boss Event Death Knight',20284,'Ring of Summon Control',1,1,2450),
(95088,'Boss Event Death Knight',20288,'Ring of Teleport Control',1,1,1050),
(95088,'Boss Event Death Knight',20302,'Ring of Wind Resistance',1,1,7000),
(95088,'Boss Event Death Knight',20307,'Old Belt of Soul',1,1,35000),
(95088,'Boss Event Death Knight',20308,'Old Belt of Mind',1,1,35000),
(95088,'Boss Event Death Knight',20316,'Belt of Soul',1,1,24500),
(95088,'Boss Event Death Knight',20319,'Belt of Mind',1,1,24500),
(95088,'Boss Event Death Knight',40013,'Haste Potion',1,5,210000),
(95088,'Boss Event Death Knight',40014,'Potion of Bravery',1,5,210000),
(95088,'Boss Event Death Knight',40015,'Potion of Mana',1,3,210000),
(95088,'Boss Event Death Knight',40016,'Potion of Wisdom',1,3,210000),
(95088,'Boss Event Death Knight',40018,'Greater Haste Potion',1,1,210000),
(95088,'Boss Event Death Knight',40025,'Blinding Potion',1,3,210000),
(95088,'Boss Event Death Knight',40044,'Diamond',1,1,210000),
(95088,'Boss Event Death Knight',40048,'High Quality Diamond',1,1,210000),
(95088,'Boss Event Death Knight',40052,'Highest Quality Diamond',1,1,35000),
(95088,'Boss Event Death Knight',40074,'Scroll of Enchant Armor',1,5,210000),
(95088,'Boss Event Death Knight',40087,'Scroll of Enchant Weapon',1,2,210000),
(95088,'Boss Event Death Knight',40089,'Scroll of Resurrection',1,1,210000),
(95088,'Boss Event Death Knight',40093,'Blank Scroll (Level 4)',1,1,210000),
(95088,'Boss Event Death Knight',40094,'Blank Scroll (Level 5)',1,1,210000),
(95088,'Boss Event Death Knight',40164,'TechnicalDocument(ShockStun)',1,1,35000),
(95088,'Boss Event Death Knight',40165,'TechnicalDocument(ReductionArmor)',1,1,35000),
(95088,'Boss Event Death Knight',40166,'TechnicalDocument(BounceAttack)',1,1,3500),
(95088,'Boss Event Death Knight',40172,'Spellbook(WeaponBreak)',1,1,59500),
(95088,'Boss Event Death Knight',40173,'Spellbook(VampiricTouch)',1,1,59500),
(95088,'Boss Event Death Knight',40181,'Spellbook(TameMonster)',1,1,59500),
(95088,'Boss Event Death Knight',40187,'Spellbook(EnchantStr)',1,1,59500),
(95088,'Boss Event Death Knight',40191,'Spellbook(SunBurst)',1,1,59500),
(95088,'Boss Event Death Knight',40198,'Spellbook(Tornado)',1,1,35000),
(95088,'Boss Event Death Knight',40201,'Spellbook(Disease)',1,1,59500),
(95088,'Boss Event Death Knight',40206,'Spellbook(Resurrection)',1,1,59500),
(95088,'Boss Event Death Knight',40207,'Spellbook(Earthquake)',1,1,59500),
(95088,'Boss Event Death Knight',40213,'Spellbook(ImmuneToHarm)',1,1,7000),
(95088,'Boss Event Death Knight',40215,'Spellbook(FireStorm)',1,1,59500),
(95088,'Boss Event Death Knight',40216,'Spellbook(DecayPotion)',1,1,17500),
(95088,'Boss Event Death Knight',40246,'Spirit Crystal(CounterMirror)',1,1,35000),
(95088,'Boss Event Death Knight',40248,'Spirit Crystal(Entangle)',1,1,7000),
(95088,'Boss Event Death Knight',40258,'Spirit Crystal(BurningWeapon)',1,1,35000),
(95088,'Boss Event Death Knight',40308,'Adena',493,786,700000),
(95088,'Boss Event Death Knight',41430,'Scroll of Enchant Weapon: Earth',1,1,168000),
(95088,'Boss Event Death Knight',49148,'Scroll of Enchant Accessory',1,1,210000),
(95088,'Boss Event Death Knight',100041,'Katana',1,1,21000),
(95088,'Boss Event Death Knight',100052,'Two-Handed Sword',1,1,21000),
(95088,'Boss Event Death Knight',120154,'Plate Mail',1,1,21000),
(95088,'Boss Event Death Knight',120182,'Gloves',1,1,210000),
(95088,'Boss Event Death Knight',140074,'Scroll of Enchant Armor',1,1,210000),
(95088,'Boss Event Death Knight',140087,'Scroll of Enchant Weapon',1,1,210000),
(95088,'Boss Event Death Knight',200052,'Two-Handed Sword',1,1,21000),
(95097,'Boss Event Ancient Giant',41,'Katana',1,1,21000),
(95097,'Boss Event Ancient Giant',64,'Great Sword',1,1,210000),
(95097,'Boss Event Ancient Giant',135,'Unknown Axe',1,1,70),
(95097,'Boss Event Ancient Giant',20154,'Plate Mail',1,1,21000),
(95097,'Boss Event Ancient Giant',20182,'Gloves',1,1,210000),
(95097,'Boss Event Ancient Giant',20248,'Old Amulet of Wisdom',1,1,14000),
(95097,'Boss Event Ancient Giant',20267,'Amulet of Wisdom',1,1,7000),
(95097,'Boss Event Ancient Giant',20307,'Old Belt of Soul',1,1,42000),
(95097,'Boss Event Ancient Giant',20314,'Ring of Ancient Giant',1,1,3500),
(95097,'Boss Event Ancient Giant',20316,'Belt of Soul',1,1,14000),
(95097,'Boss Event Ancient Giant',20320,'Titan Belt',1,1,3150),
(95097,'Boss Event Ancient Giant',40007,'Ebony Wand',1,1,3500),
(95097,'Boss Event Ancient Giant',40013,'Haste Potion',1,5,210000),
(95097,'Boss Event Ancient Giant',40014,'Potion of Bravery',1,3,210000),
(95097,'Boss Event Ancient Giant',40015,'Potion of Mana',1,3,210000),
(95097,'Boss Event Ancient Giant',40016,'Potion of Wisdom',1,3,210000),
(95097,'Boss Event Ancient Giant',40018,'Greater Haste Potion',1,1,210000),
(95097,'Boss Event Ancient Giant',40019,'Condensed Lesser Healing Potion',1,1,210000),
(95097,'Boss Event Ancient Giant',40044,'Diamond',1,1,210000),
(95097,'Boss Event Ancient Giant',40048,'High Quality Diamond',1,1,210000),
(95097,'Boss Event Ancient Giant',40052,'Highest Quality Diamond',1,1,35000),
(95097,'Boss Event Ancient Giant',40074,'Scroll of Enchant Armor',1,5,210000),
(95097,'Boss Event Ancient Giant',40087,'Scroll of Enchant Weapon',1,2,210000),
(95097,'Boss Event Ancient Giant',40089,'Scroll of Resurrection',1,1,210000),
(95097,'Boss Event Ancient Giant',40093,'Blank Scroll (Level 4)',1,1,210000),
(95097,'Boss Event Ancient Giant',40094,'Blank Scroll (Level 5)',1,1,210000),
(95097,'Boss Event Ancient Giant',40165,'TechnicalDocument(ReductionArmor)',1,1,35000),
(95097,'Boss Event Ancient Giant',40166,'TechnicalDocument(BounceAttack)',1,1,3500),
(95097,'Boss Event Ancient Giant',40175,'Spellbook(EarthJail)',1,1,59500),
(95097,'Boss Event Ancient Giant',40176,'Spellbook(CounterMagic)',1,1,59500),
(95097,'Boss Event Ancient Giant',40177,'Spellbook(Meditate)',1,1,59500),
(95097,'Boss Event Ancient Giant',40184,'Spellbook(ManaDrain)',1,1,59500),
(95097,'Boss Event Ancient Giant',40199,'Spellbook(GreaterHaste)',1,1,35000),
(95097,'Boss Event Ancient Giant',40209,'Spellbook(Silence)',1,1,24500),
(95097,'Boss Event Ancient Giant',40247,'Spirit Crystal(EarthSkin)',1,1,35000),
(95097,'Boss Event Ancient Giant',40248,'Spirit Crystal(Entangle)',1,1,7000),
(95097,'Boss Event Ancient Giant',40249,'Spirit Crystal(EarthBind)',1,1,7000),
(95097,'Boss Event Ancient Giant',40250,'Spirit Crystal(BlessOfEarth)',1,1,35000),
(95097,'Boss Event Ancient Giant',40251,'Spirit Crystal(IronSkin)',1,1,35000),
(95097,'Boss Event Ancient Giant',40259,'Spirit Crystal(ElementalFire)',1,1,35000),
(95097,'Boss Event Ancient Giant',40304,'Relic of Maphr',1,1,7350),
(95097,'Boss Event Ancient Giant',40308,'Adena',5000,15000,700000),
(95097,'Boss Event Ancient Giant',41430,'Scroll of Enchant Weapon: Earth',1,1,56000),
(95097,'Boss Event Ancient Giant',49135,'Memory Crystal(IllusionAvatar)',1,1,7000),
(95097,'Boss Event Ancient Giant',49148,'Scroll of Enchant Accessory',1,1,210000),
(95097,'Boss Event Ancient Giant',100041,'Katana',1,1,21000),
(95097,'Boss Event Ancient Giant',100064,'Great Sword',1,1,210000),
(95097,'Boss Event Ancient Giant',120154,'Plate Mail',1,1,21000),
(95097,'Boss Event Ancient Giant',140074,'Scroll of Enchant Armor',1,2,210000),
(95097,'Boss Event Ancient Giant',140087,'Scroll of Enchant Weapon',1,1,350000),
(95139,'Boss Event Cougar',2,'Dice Dagger',1,1,210000),
(95139,'Boss Event Cougar',41,'Katana',1,1,10500),
(95139,'Boss Event Cougar',57,'Tsurugi',1,1,11900),
(95139,'Boss Event Cougar',20246,'Old Amulet of Strength',1,1,105000),
(95139,'Boss Event Cougar',20264,'Amulet of Strength',1,1,35000),
(95139,'Boss Event Cougar',20284,'Ring of Summon Control',1,1,2800),
(95139,'Boss Event Cougar',20300,'Ring of Earth Resistance',1,1,6650),
(95139,'Boss Event Cougar',20308,'Old Belt of Mind',1,1,70000),
(95139,'Boss Event Cougar',20312,'Belt of Body',1,1,35000),
(95139,'Boss Event Cougar',40006,'Pine Wand',1,1,105000),
(95139,'Boss Event Cougar',40008,'Maple Wand',1,1,105000),
(95139,'Boss Event Cougar',40013,'Haste Potion',1,6,210000),
(95139,'Boss Event Cougar',40014,'Potion of Bravery',1,5,210000),
(95139,'Boss Event Cougar',40016,'Potion of Wisdom',1,5,210000),
(95139,'Boss Event Cougar',40018,'Greater Haste Potion',1,6,210000),
(95139,'Boss Event Cougar',40025,'Blinding Potion',1,5,210000),
(95139,'Boss Event Cougar',40074,'Scroll of Enchant Armor',1,5,210000),
(95139,'Boss Event Cougar',40087,'Scroll of Enchant Weapon',1,3,210000),
(95139,'Boss Event Cougar',40089,'Scroll of Resurrection',1,1,105000),
(95139,'Boss Event Cougar',40093,'Blank Scroll (Level 4)',1,1,70000),
(95139,'Boss Event Cougar',40094,'Blank Scroll (Level 5)',1,1,70000),
(95139,'Boss Event Cougar',40108,'TOI Teleport Scroll, 51F',1,3,700000),
(95139,'Boss Event Cougar',40284,'Sealed TOI Teleport Charm, 51F',1,1,10500),
(95139,'Boss Event Cougar',40307,'Relic of Sayha',1,1,10500),
(95139,'Boss Event Cougar',40308,'Adena',10000,25000,700000),
(95139,'Boss Event Cougar',49148,'Scroll of Enchant Accessory',1,1,210000),
(95139,'Boss Event Cougar',140074,'Scroll of Enchant Armor',1,3,210000),
(95139,'Boss Event Cougar',140087,'Scroll of Enchant Weapon',1,1,210000),
(95139,'Boss Event Cougar',450001,'Paagrio\'s Hatred',1,1,7000),
(95140,'Boss Event Mummy Lord',2,'Dice Dagger',1,1,210000),
(95140,'Boss Event Mummy Lord',52,'Two Handed Sword',1,1,7000),
(95140,'Boss Event Mummy Lord',57,'Tsurugi',1,1,12600),
(95140,'Boss Event Mummy Lord',20017,'Crown of Mummy Lord',1,1,1750),
(95140,'Boss Event Mummy Lord',20281,'Ring of Polymorph Control',1,1,350),
(95140,'Boss Event Mummy Lord',20285,'Ring of Water Resistance',1,1,700),
(95140,'Boss Event Mummy Lord',20300,'Ring of Earth Resistance',1,1,3150),
(95140,'Boss Event Mummy Lord',20302,'Ring of Wind Resistance',1,1,700),
(95140,'Boss Event Mummy Lord',20304,'Ring of Fire Resistance',1,1,700),
(95140,'Boss Event Mummy Lord',20307,'Old Belt of Soul',1,1,70000),
(95140,'Boss Event Mummy Lord',20319,'Belt of Mind',1,1,35000),
(95140,'Boss Event Mummy Lord',40006,'Pine Wand',1,1,105000),
(95140,'Boss Event Mummy Lord',40008,'Maple Wand',1,1,105000),
(95140,'Boss Event Mummy Lord',40013,'Haste Potion',1,5,210000),
(95140,'Boss Event Mummy Lord',40014,'Potion of Bravery',1,5,210000),
(95140,'Boss Event Mummy Lord',40016,'Potion of Wisdom',1,5,210000),
(95140,'Boss Event Mummy Lord',40018,'Greater Haste Potion',1,5,210000),
(95140,'Boss Event Mummy Lord',40025,'Blinding Potion',1,1,210000),
(95140,'Boss Event Mummy Lord',40074,'Scroll of Enchant Armor',1,5,490000),
(95140,'Boss Event Mummy Lord',40087,'Scroll of Enchant Weapon',1,3,245000),
(95140,'Boss Event Mummy Lord',40089,'Scroll of Resurrection',1,1,70000),
(95140,'Boss Event Mummy Lord',40093,'Blank Scroll (Level 4)',1,5,210000),
(95140,'Boss Event Mummy Lord',40094,'Blank Scroll (Level 5)',1,5,210000),
(95140,'Boss Event Mummy Lord',40109,'TOI Teleport Scroll, 61F',1,3,700000),
(95140,'Boss Event Mummy Lord',40211,'Spellbook(FogOfSleeping)',1,1,7000),
(95140,'Boss Event Mummy Lord',40216,'Spellbook(DecayPotion)',1,1,700),
(95140,'Boss Event Mummy Lord',40285,'Sealed TOI Teleport Charm, 61F',1,1,10500),
(95140,'Boss Event Mummy Lord',40308,'Adena',10000,25000,700000),
(95140,'Boss Event Mummy Lord',49135,'Memory Crystal(IllusionAvatar)',1,1,10500),
(95140,'Boss Event Mummy Lord',49148,'Scroll of Enchant Accessory',1,1,210000),
(95140,'Boss Event Mummy Lord',140074,'Scroll of Enchant Armor',1,3,210000),
(95140,'Boss Event Mummy Lord',140087,'Scroll of Enchant Weapon',1,1,210000),
(95140,'Boss Event Mummy Lord',240074,'Scroll of Enchant Armor',1,5,210000),
(95140,'Boss Event Mummy Lord',240087,'Scroll of Enchant Weapon',1,3,210000),
(95140,'Boss Event Mummy Lord',450002,'Maphr\'s Retribution',1,1,7000),
(95141,'Boss Event Iris',2,'Dice Dagger',1,1,210000),
(95141,'Boss Event Iris',41,'Katana',1,1,10500),
(95141,'Boss Event Iris',52,'Two Handed Sword',1,1,10500),
(95141,'Boss Event Iris',57,'Tsurugi',1,1,13300),
(95141,'Boss Event Iris',20187,'Power Gloves',1,1,35000),
(95141,'Boss Event Iris',20246,'Old Amulet of Strength',1,1,35000),
(95141,'Boss Event Iris',20260,'Amulet of Iris',1,1,1680),
(95141,'Boss Event Iris',20264,'Amulet of Strength',1,1,7000),
(95141,'Boss Event Iris',20281,'Ring of Polymorph Control',1,1,700),
(95141,'Boss Event Iris',20285,'Ring of Water Resistance',1,1,1750),
(95141,'Boss Event Iris',20300,'Ring of Earth Resistance',1,1,3500),
(95141,'Boss Event Iris',20302,'Ring of Wind Resistance',1,1,3500),
(95141,'Boss Event Iris',20304,'Ring of Fire Resistance',1,1,1750),
(95141,'Boss Event Iris',20308,'Old Belt of Mind',1,1,70000),
(95141,'Boss Event Iris',20319,'Belt of Mind',1,1,35000),
(95141,'Boss Event Iris',30012,'Dark Elf Tunic',1,1,5600),
(95141,'Boss Event Iris',30013,'Dark Elf Sandals',1,1,5600),
(95141,'Boss Event Iris',30014,'Dark Elf Circlet',1,1,5600),
(95141,'Boss Event Iris',40006,'Pine Wand',1,1,210000),
(95141,'Boss Event Iris',40008,'Maple Wand',1,1,210000),
(95141,'Boss Event Iris',40013,'Haste Potion',2,5,350000),
(95141,'Boss Event Iris',40014,'Potion of Bravery',2,5,280000),
(95141,'Boss Event Iris',40015,'Potion of Mana',2,5,280000),
(95141,'Boss Event Iris',40016,'Potion of Wisdom',2,5,280000),
(95141,'Boss Event Iris',40018,'Greater Haste Potion',2,5,280000),
(95141,'Boss Event Iris',40025,'Blinding Potion',1,6,210000),
(95141,'Boss Event Iris',40045,'Ruby',1,1,280000),
(95141,'Boss Event Iris',40049,'High Quality Ruby',1,1,280000),
(95141,'Boss Event Iris',40053,'Highest Quality Ruby',1,1,280000),
(95141,'Boss Event Iris',40074,'Scroll of Enchant Armor',1,5,490000),
(95141,'Boss Event Iris',40087,'Scroll of Enchant Weapon',1,3,245000),
(95141,'Boss Event Iris',40089,'Scroll of Resurrection',1,1,210000),
(95141,'Boss Event Iris',40093,'Blank Scroll (Level 4)',2,5,280000),
(95141,'Boss Event Iris',40094,'Blank Scroll (Level 5)',2,5,280000),
(95141,'Boss Event Iris',40110,'TOI Teleport Scroll, 71F',1,3,490000),
(95141,'Boss Event Iris',40172,'Spellbook(WeaponBreak)',1,1,59500),
(95141,'Boss Event Iris',40175,'Spellbook(EarthJail)',1,1,59500),
(95141,'Boss Event Iris',40182,'Spellbook(RemoveCurse)',1,1,59500),
(95141,'Boss Event Iris',40187,'Spellbook(EnchantStr)',1,1,59500),
(95141,'Boss Event Iris',40202,'Spellbook(FullHeal)',1,1,59500),
(95141,'Boss Event Iris',40207,'Spellbook(Earthquake)',1,1,35000),
(95141,'Boss Event Iris',40210,'Spellbook(LightningStorm)',1,1,14000),
(95141,'Boss Event Iris',40225,'Spellbook(FreezingBlizzard)',1,1,7000),
(95141,'Boss Event Iris',40256,'Spirit Crystal(FireWeapon)',1,1,17500),
(95141,'Boss Event Iris',40257,'Spirit Crystal(BlessOfFire)',1,1,17500),
(95141,'Boss Event Iris',40258,'Spirit Crystal(BurningWeapon)',1,1,7000),
(95141,'Boss Event Iris',40286,'Sealed TOI Teleport Charm, 71F',1,1,10500),
(95141,'Boss Event Iris',40308,'Adena',10000,20000,700000),
(95141,'Boss Event Iris',49116,'Dragon Tablet(AwakenValakas)',1,1,3500),
(95141,'Boss Event Iris',49148,'Scroll of Enchant Accessory',1,2,210000),
(95141,'Boss Event Iris',140074,'Scroll of Enchant Armor',1,3,210000),
(95141,'Boss Event Iris',140087,'Scroll of Enchant Weapon',1,1,210000),
(95159,'Boss Event Lich',2,'Dice Dagger',1,1,105000),
(95159,'Boss Event Lich',41,'Katana',1,1,21000),
(95159,'Boss Event Lich',52,'Two Handed Sword',1,1,21000),
(95159,'Boss Event Lich',57,'Tsurugi',1,1,14700),
(95159,'Boss Event Lich',20074,'Silver Cloak',1,1,21000),
(95159,'Boss Event Lich',20077,'Cloak of Invisibility',1,1,2100),
(95159,'Boss Event Lich',20107,'Lich Robe',1,1,3500),
(95159,'Boss Event Lich',20110,'Chain Mail of Magic Resistance',1,1,21000),
(95159,'Boss Event Lich',20128,'Crystal Plate Mail',1,1,21000),
(95159,'Boss Event Lich',20149,'Bronze Plate Mail',1,1,21000),
(95159,'Boss Event Lich',20154,'Plate Mail',1,1,21000),
(95159,'Boss Event Lich',20187,'Power Gloves',1,1,21000),
(95159,'Boss Event Lich',20266,'Amulet of Intelligence',1,1,7000),
(95159,'Boss Event Lich',20281,'Ring of Polymorph Control',1,1,7000),
(95159,'Boss Event Lich',20284,'Ring of Summon Control',1,1,3500),
(95159,'Boss Event Lich',20285,'Ring of Water Resistance',1,1,7000),
(95159,'Boss Event Lich',20300,'Ring of Earth Resistance',1,1,7000),
(95159,'Boss Event Lich',20302,'Ring of Wind Resistance',1,1,7000),
(95159,'Boss Event Lich',20304,'Ring of Fire Resistance',1,1,7000),
(95159,'Boss Event Lich',20308,'Old Belt of Mind',1,1,70000),
(95159,'Boss Event Lich',20319,'Belt of Mind',1,1,35000),
(95159,'Boss Event Lich',40006,'Pine Wand',1,1,210000),
(95159,'Boss Event Lich',40007,'Ebony Wand',1,1,210000),
(95159,'Boss Event Lich',40008,'Maple Wand',1,1,210000),
(95159,'Boss Event Lich',40013,'Haste Potion',2,6,210000),
(95159,'Boss Event Lich',40014,'Potion of Bravery',1,3,210000),
(95159,'Boss Event Lich',40015,'Potion of Mana',2,6,210000),
(95159,'Boss Event Lich',40016,'Potion of Wisdom',2,6,210000),
(95159,'Boss Event Lich',40018,'Greater Haste Potion',1,5,210000),
(95159,'Boss Event Lich',40025,'Blinding Potion',2,6,210000),
(95159,'Boss Event Lich',40074,'Scroll of Enchant Armor',2,6,210000),
(95159,'Boss Event Lich',40087,'Scroll of Enchant Weapon',1,3,210000),
(95159,'Boss Event Lich',40089,'Scroll of Resurrection',1,1,210000),
(95159,'Boss Event Lich',40093,'Blank Scroll (Level 4)',1,1,210000),
(95159,'Boss Event Lich',40094,'Blank Scroll (Level 5)',1,1,210000),
(95159,'Boss Event Lich',40173,'Spellbook(VampiricTouch)',1,1,70000),
(95159,'Boss Event Lich',40178,'Spellbook(Paralyze)',1,1,70000),
(95159,'Boss Event Lich',40184,'Spellbook(ManaDrain)',1,1,70000),
(95159,'Boss Event Lich',40185,'Spellbook(Darkness)',1,1,70000),
(95159,'Boss Event Lich',40192,'Spellbook(Weakness)',1,1,70000),
(95159,'Boss Event Lich',40201,'Spellbook(Disease)',1,1,70000),
(95159,'Boss Event Lich',40206,'Spellbook(Resurrection)',1,1,70000),
(95159,'Boss Event Lich',40209,'Spellbook(Silence)',1,1,35000),
(95159,'Boss Event Lich',40217,'Spellbook(CounterDetection)',1,1,70000),
(95159,'Boss Event Lich',40220,'Spellbook(GreaterResurrection)',1,1,35000),
(95159,'Boss Event Lich',40223,'Spellbook(AbsoluteBarrier)',1,1,5600),
(95159,'Boss Event Lich',40246,'Spirit Crystal(CounterMirror)',1,1,35000),
(95159,'Boss Event Lich',40288,'Sealed TOI Teleport Charm, 91F',1,1,10500),
(95159,'Boss Event Lich',40308,'Adena',706,1118,700000),
(95159,'Boss Event Lich',40444,'Black Lump of Rough Mithril',1,5,105000),
(95159,'Boss Event Lich',49114,'Dragon Tablet(HorrorOfDeath)',1,1,700),
(95159,'Boss Event Lich',49148,'Scroll of Enchant Accessory',1,2,210000),
(95159,'Boss Event Lich',100041,'Katana',1,1,12600),
(95159,'Boss Event Lich',120154,'Plate Mail',1,1,21000),
(95159,'Boss Event Lich',140074,'Scroll of Enchant Armor',1,3,210000),
(95159,'Boss Event Lich',140087,'Scroll of Enchant Weapon',1,1,210000),
(95159,'Boss Event Lich',140089,'Scroll of Resurrection',1,1,210000),
(95160,'Boss Event Grim Reaper',41,'Katana',1,1,21000),
(95160,'Boss Event Grim Reaper',52,'Two Handed Sword',1,1,21000),
(95160,'Boss Event Grim Reaper',57,'Tsurugi',1,1,28000),
(95160,'Boss Event Grim Reaper',84,'Kaiser Edoryu',1,1,5250),
(95160,'Boss Event Grim Reaper',164,'Kaiser Claw',1,1,5250),
(95160,'Boss Event Grim Reaper',189,'Kaiser Crossbow',1,1,10500),
(95160,'Boss Event Grim Reaper',271,'Obsidian Kiringku',1,1,5250),
(95160,'Boss Event Grim Reaper',273,'Collapsed Ones Chain Sword',1,1,5250),
(95160,'Boss Event Grim Reaper',20074,'Silver Cloak',1,1,35000),
(95160,'Boss Event Grim Reaper',20077,'Cloak of Invisibility',1,1,3500),
(95160,'Boss Event Grim Reaper',20128,'Crystal Plate Mail',1,1,24500),
(95160,'Boss Event Grim Reaper',20187,'Power Gloves',1,1,24500),
(95160,'Boss Event Grim Reaper',20281,'Ring of Polymorph Control',1,1,3500),
(95160,'Boss Event Grim Reaper',20284,'Ring of Summon Control',1,1,3500),
(95160,'Boss Event Grim Reaper',20285,'Ring of Water Resistance',1,1,35000),
(95160,'Boss Event Grim Reaper',20288,'Ring of Teleport Control',1,1,1750),
(95160,'Boss Event Grim Reaper',20300,'Ring of Earth Resistance',1,1,35000),
(95160,'Boss Event Grim Reaper',20302,'Ring of Wind Resistance',1,1,35000),
(95160,'Boss Event Grim Reaper',20304,'Ring of Fire Resistance',1,1,35000),
(95160,'Boss Event Grim Reaper',20308,'Old Belt of Mind',1,1,105000),
(95160,'Boss Event Grim Reaper',20319,'Belt of Mind',1,1,52500),
(95160,'Boss Event Grim Reaper',30010,'Hand of the Reaper',1,1,1400),
(95160,'Boss Event Grim Reaper',40006,'Pine Wand',1,1,210000),
(95160,'Boss Event Grim Reaper',40007,'Ebony Wand',1,1,210000),
(95160,'Boss Event Grim Reaper',40008,'Maple Wand',1,1,210000),
(95160,'Boss Event Grim Reaper',40013,'Haste Potion',2,6,210000),
(95160,'Boss Event Grim Reaper',40014,'Potion of Bravery',2,6,210000),
(95160,'Boss Event Grim Reaper',40016,'Potion of Wisdom',1,1,210000),
(95160,'Boss Event Grim Reaper',40018,'Greater Haste Potion',1,1,210000),
(95160,'Boss Event Grim Reaper',40025,'Blinding Potion',1,5,210000),
(95160,'Boss Event Grim Reaper',40031,'Devil`s Blood',2,6,210000),
(95160,'Boss Event Grim Reaper',40074,'Scroll of Enchant Armor',2,6,210000),
(95160,'Boss Event Grim Reaper',40087,'Scroll of Enchant Weapon',1,3,210000),
(95160,'Boss Event Grim Reaper',40089,'Scroll of Resurrection',1,5,210000),
(95160,'Boss Event Grim Reaper',40093,'Blank Scroll (Level 4)',1,1,210000),
(95160,'Boss Event Grim Reaper',40094,'Blank Scroll (Level 5)',1,1,210000),
(95160,'Boss Event Grim Reaper',40196,'Spellbook(Summon)',1,1,35000),
(95160,'Boss Event Grim Reaper',40206,'Spellbook(Resurrection)',1,1,35000),
(95160,'Boss Event Grim Reaper',40222,'Spellbook(Destroy)',1,1,5250),
(95160,'Boss Event Grim Reaper',40308,'Adena',749,1185,700000),
(95160,'Boss Event Grim Reaper',49134,'Memory Crystal(JoyofPain)',1,1,17500),
(95160,'Boss Event Grim Reaper',49148,'Scroll of Enchant Accessory',1,3,210000),
(95160,'Boss Event Grim Reaper',100041,'Katana',1,1,21000),
(95160,'Boss Event Grim Reaper',100062,'Two-Handed Sword of Pretender King',1,1,10500),
(95160,'Boss Event Grim Reaper',100084,'Kaiser Edoryu',1,1,1750),
(95160,'Boss Event Grim Reaper',140074,'Scroll of Enchant Armor',1,5,210000),
(95160,'Boss Event Grim Reaper',140087,'Scroll of Enchant Weapon',1,2,210000),
(95160,'Boss Event Grim Reaper',140089,'Scroll of Resurrection',1,1,210000),
(95160,'Boss Event Grim Reaper',200002,'Dice Dagger',1,1,210000),
(95172,'Boss Event Tarak',20076,'Tarak\'s Cloak',1,1,70),
(95172,'Boss Event Tarak',20152,'Tarak\'s Robe',1,1,70),
(95172,'Boss Event Tarak',20186,'Tarak\'s Gloves',1,1,70),
(95172,'Boss Event Tarak',20216,'Tarak\'s Boots',1,1,70),
(95172,'Boss Event Tarak',40014,'Potion of Bravery',1,1,210000),
(95172,'Boss Event Tarak',40015,'Potion of Mana',1,1,210000),
(95172,'Boss Event Tarak',40016,'Potion of Wisdom',1,1,210000),
(95172,'Boss Event Tarak',40018,'Greater Haste Potion',1,1,210000),
(95172,'Boss Event Tarak',40089,'Scroll of Resurrection',1,1,210000),
(95172,'Boss Event Tarak',40308,'Adena',749,1185,700000),
(95172,'Boss Event Tarak',40443,'Black Lump of Pure Mithril',1,1,7000),
(95172,'Boss Event Tarak',40444,'Black Lump of Rough Mithril',1,1,210000),
(95172,'Boss Event Tarak',40473,'Tarak`s Sickle',1,1,7000),
(95172,'Boss Event Tarak',40475,'Tarak`s Head',1,1,7000),
(95172,'Boss Event Tarak',40524,'Black Blood Stone',1,1,35000),
(95172,'Boss Event Tarak',40678,'Fragment of Soul Stone',1,1,210000),
(95172,'Boss Event Tarak',49110,'Dragon Tablet(ShockSkin)',1,1,700),
(95172,'Boss Event Tarak',49114,'Dragon Tablet(HorrorOfDeath)',1,1,700),
(95172,'Boss Event Tarak',140100,'Scroll of Teleportation',1,1,210000),
(95172,'Boss Event Tarak',140129,'Gian`s Scroll',1,1,7000),
(95172,'Boss Event Tarak',140130,'Kalba`s Scroll',1,1,2100),
(95442,'Boss Event Supreme Court Justice Keyna',20176,'Gloves of New King',1,1,7000),
(95442,'Boss Event Supreme Court Justice Kenya',40083,'Scroll of Teleportation - Lastabad',1,1,35000),
(95442,'Boss Event Supreme Court Justice Kenya',40186,'Spellbook(CreateZombie)',1,1,7000),
(95442,'Boss Event Supreme Court Justice Kenya',40675,'Mineral of Darkness',1,1,7000),
(95442,'Boss Event Supreme Court Justice Kenya',40964,'Black Magic Powder',1,1,35000),
(95442,'Boss Event Supreme Court Justice Kenya',40968,'Attendant`s Scripture',1,1,7000),
(95442,'Boss Event Supreme Court Justice Kenya',41011,'Sealed History Chapter 1',1,1,7000),
(95442,'Boss Event Supreme Court Justice Kenya',41028,'Writing of Death Knight',1,1,7000),
(95442,'Boss Event Supreme Court Justice Kenya',41243,'Lastabad Supplies Bag',1,1,7000),
(95443,'Boss Event Supreme Court Justice Viatas',70,'Edoryu of Auger Blade',1,1,3500),
(95443,'Boss Event Supreme Court Justice Viatas',75,'Dark Edoryu',1,1,3500),
(95443,'Boss Event Supreme Court Justice Viatas',82,'Lastavard Edoryu',1,1,3500),
(95443,'Boss Event Supreme Court Justice Viatas',20201,'Boots of Pretender King',1,1,3500),
(95443,'Boss Event Supreme Court Justice Viatas',40083,'Scroll of Teleportation - Lastabad',1,1,35000),
(95443,'Boss Event Supreme Court Justice Viatas',40208,'Spellbook(LifeStream)',1,1,7000),
(95443,'Boss Event Supreme Court Justice Viatas',40209,'Spellbook(Silence)',1,1,7000),
(95443,'Boss Event Supreme Court Justice Viatas',40238,'Spirit Crystal(BloodtoSoul)',1,1,700),
(95443,'Boss Event Supreme Court Justice Viatas',40675,'Mineral of Darkness',1,1,7000),
(95443,'Boss Event Supreme Court Justice Viatas',40964,'Black Magic Powder',1,1,35000),
(95443,'Boss Event Supreme Court Justice Viatas',40968,'Attendant`s Scripture',1,1,3500),
(95443,'Boss Event Supreme Court Justice Viatas',41012,'Sealed History Chapter 2',1,1,7000),
(95443,'Boss Event Supreme Court Justice Viatas',41028,'Writing of Death Knight',1,1,7000),
(95443,'Boss Event Supreme Court Justice Viatas',41243,'Lastabad Supplies Bag',1,1,7000),
(95444,'Boss Event Supreme Court Justice Baromes',130,'Staff of Red Crystal',1,1,700),
(95444,'Boss Event Supreme Court Justice Baromes',20030,'Helm of New King',1,1,3500),
(95444,'Boss Event Supreme Court Justice Baromes',40083,'Scroll of Teleportation - Lastabad',1,1,35000),
(95444,'Boss Event Supreme Court Justice Baromes',40178,'Spellbook(Paralyze)',1,1,7000),
(95444,'Boss Event Supreme Court Justice Baromes',40189,'Spellbook(Cancel)',1,1,7000),
(95444,'Boss Event Supreme Court Justice Baromes',40221,'Spellbook(MassSlow)',1,1,7000),
(95444,'Boss Event Supreme Court Justice Baromes',40249,'Spirit Crystal(EarthBind)',1,1,700),
(95444,'Boss Event Supreme Court Justice Baromes',40253,'Spirit Crystal(WaterLife)',1,1,7000),
(95444,'Boss Event Supreme Court Justice Baromes',40675,'Mineral of Darkness',1,1,7000),
(95444,'Boss Event Supreme Court Justice Baromes',40964,'Black Magic Powder',1,1,35000),
(95444,'Boss Event Supreme Court Justice Baromes',40968,'Attendant`s Scripture',1,1,3500),
(95444,'Boss Event Supreme Court Justice Baromes',41013,'Sealed History Chapter 3',1,1,7000),
(95444,'Boss Event Supreme Court Justice Baromes',41028,'Writing of Death Knight',1,1,7000),
(95444,'Boss Event Supreme Court Justice Baromes',41150,'Spirit Crystal(Additional Fire)',1,1,7000),
(95444,'Boss Event Supreme Court Justice Baromes',41243,'Lastabad Supplies Bag',1,1,7000),
(95445,'Boss Event Supreme Court Justice Endias',49,'Long Sword of Pretender King',1,1,3500),
(95445,'Boss Event Supreme Court Justice Endias',55,'Blade of Darkness',1,1,3500),
(95445,'Boss Event Supreme Court Justice Endias',168,'Dark Crossbow',1,1,3500),
(95445,'Boss Event Supreme Court Justice Endias',20032,'Dark Headband',1,1,3500),
(95445,'Boss Event Supreme Court Justice Endias',20168,'Gloves of Pretender King',1,1,3500),
(95445,'Boss Event Supreme Court Justice Endias',40083,'Scroll of Teleportation - Lastabad',1,1,35000),
(95445,'Boss Event Supreme Court Justice Endias',40164,'TechnicalDocument(ShockStun)',1,1,7000),
(95445,'Boss Event Supreme Court Justice Endias',40204,'Spellbook(Blizzard)',1,1,7000),
(95445,'Boss Event Supreme Court Justice Endias',40213,'Spellbook(ImmuneToHarm)',1,1,700),
(95445,'Boss Event Supreme Court Justice Endias',40224,'Spellbook(AdvanceSpirit)',1,1,700),
(95445,'Boss Event Supreme Court Justice Endias',40277,'Dark Spirit Crystal(ShadowFang)',1,1,7000),
(95445,'Boss Event Supreme Court Justice Endias',40675,'Mineral of Darkness',1,1,7000),
(95445,'Boss Event Supreme Court Justice Endias',40964,'Black Magic Powder',1,1,35000),
(95445,'Boss Event Supreme Court Justice Endias',40968,'Attendant`s Scripture',1,1,3500),
(95445,'Boss Event Supreme Court Justice Endias',41014,'Sealed History Chapter 4',1,1,7000),
(95445,'Boss Event Supreme Court Justice Endias',41028,'Writing of Death Knight',1,1,7000),
(95445,'Boss Event Supreme Court Justice Endias',41150,'Spirit Crystal(Additional Fire)',1,1,7000),
(95445,'Boss Event Supreme Court Justice Endias',41243,'Lastabad Supplies Bag',1,1,7000),
(95445,'Boss Event Supreme Court Justice Endias',100049,'Long Sword of Pretender King',1,1,3500),
(95446,'Boss Event Supreme Court Justice Edea',20180,'Dark Gloves',1,1,7000),
(95446,'Boss Event Supreme Court Justice Edea',20208,'Boots of New King',1,1,3500),
(95446,'Boss Event Supreme Court Justice Edea',40083,'Scroll of Teleportation - Lastabad',1,1,35000),
(95446,'Boss Event Supreme Court Justice Edea',40185,'Spellbook(Darkness)',1,1,7000),
(95446,'Boss Event Supreme Court Justice Edea',40211,'Spellbook(FogOfSleeping)',1,1,7000),
(95446,'Boss Event Supreme Court Justice Edea',40255,'Spirit Crystal(NaturesBlessing)',1,1,3500),
(95446,'Boss Event Supreme Court Justice Edea',40675,'Mineral of Darkness',1,1,7000),
(95446,'Boss Event Supreme Court Justice Edea',40964,'Black Magic Powder',1,1,35000),
(95446,'Boss Event Supreme Court Justice Edea',40968,'Attendant`s Scripture',1,1,3500),
(95446,'Boss Event Supreme Court Justice Edea',41015,'Sealed History Chapter 5',1,1,7000),
(95446,'Boss Event Supreme Court Justice Edea',41028,'Writing of Death Knight',1,1,21000),
(95446,'Boss Event Supreme Court Justice Edea',41243,'Lastabad Supplies Bag',1,1,7000),
(95446,'Boss Event Supreme Court Justice Edea',49106,'Dragon Tablet(AwakenAntharas)',1,1,7000),
(95447,'Boss Event Supreme Court Justice Tiames',40,'Large Sword of Blood',1,1,3500),
(95447,'Boss Event Supreme Court Justice Tiames',20070,'Dark Cloak',1,1,3500),
(95447,'Boss Event Supreme Court Justice Tiames',20168,'Gloves of Pretender King',1,1,3500),
(95447,'Boss Event Supreme Court Justice Tiames',40083,'Scroll of Teleportation - Lastabad',1,1,35000),
(95447,'Boss Event Supreme Court Justice Tiames',40197,'Spellbook(HolyWalk)',1,1,3500),
(95447,'Boss Event Supreme Court Justice Tiames',40246,'Spirit Crystal(CounterMirror)',1,1,7000),
(95447,'Boss Event Supreme Court Justice Tiames',40274,'Dark Spirit Crystal(DressDex)',1,1,7000),
(95447,'Boss Event Supreme Court Justice Tiames',40675,'Mineral of Darkness',1,1,7000),
(95447,'Boss Event Supreme Court Justice Tiames',40964,'Black Magic Powder',1,1,35000),
(95447,'Boss Event Supreme Court Justice Tiames',40968,'Attendant`s Scripture',1,1,3500),
(95447,'Boss Event Supreme Court Justice Tiames',41016,'Sealed History Chapter 6',1,1,7000),
(95447,'Boss Event Supreme Court Justice Tiames',41028,'Writing of Death Knight',1,1,21000),
(95447,'Boss Event Supreme Court Justice Tiames',41150,'Spirit Crystal(Additional Fire)',1,1,7000),
(95447,'Boss Event Supreme Court Justice Tiames',41243,'Lastabad Supplies Bag',1,1,7000),
(95448,'Boss Event Supreme Court Justice Ramias',55,'Blade of Darkness',1,1,3500),
(95448,'Boss Event Supreme Court Justice Ramias',62,'Two-Handed Sword of Pretender King',1,1,3500),
(95448,'Boss Event Supreme Court Justice Ramias',158,'Dark Claw',1,1,3500),
(95448,'Boss Event Supreme Court Justice Ramias',20020,'Helm of Pretender King',1,1,3500),
(95448,'Boss Event Supreme Court Justice Ramias',20210,'Dark Boots',1,1,3500),
(95448,'Boss Event Supreme Court Justice Ramias',40083,'Scroll of Teleportation - Lastabad',1,1,35000),
(95448,'Boss Event Supreme Court Justice Ramias',40205,'Spellbook(Invisibility)',1,1,700),
(95448,'Boss Event Supreme Court Justice Ramias',40248,'Spirit Crystal(Entangle)',1,1,7000),
(95448,'Boss Event Supreme Court Justice Ramias',40269,'Dark Spirit Crystal(DressMighty)',1,1,7000),
(95448,'Boss Event Supreme Court Justice Ramias',40675,'Mineral of Darkness',1,1,7000),
(95448,'Boss Event Supreme Court Justice Ramias',40964,'Black Magic Powder',1,1,35000),
(95448,'Boss Event Supreme Court Justice Ramias',40968,'Attendant`s Scripture',1,1,3500),
(95448,'Boss Event Supreme Court Justice Ramias',41017,'Sealed History Chapter 7',1,1,7000),
(95448,'Boss Event Supreme Court Justice Ramias',41028,'Writing of Death Knight',1,1,7000),
(95448,'Boss Event Supreme Court Justice Ramias',41150,'Spirit Crystal(Additional Fire)',1,1,7000),
(95448,'Boss Event Supreme Court Justice Ramias',41243,'Lastabad Supplies Bag',1,1,7000),
(95448,'Boss Event Supreme Court Justice Ramias',100062,'Two-Handed Sword of Pretender King',1,1,3500),
(95449,'Boss Event Supreme Court Justice Barode',11,'Dagger of Crystal',1,1,3500),
(95449,'Boss Event Supreme Court Justice Barode',130,'Staff of Red Crystal',1,1,700),
(95449,'Boss Event Supreme Court Justice Barode',132,'Staff of New King',1,1,3500),
(95449,'Boss Event Supreme Court Justice Barode',20132,'Dark Robe',1,1,3500),
(95449,'Boss Event Supreme Court Justice Barode',20176,'Gloves of New King',1,1,7000),
(95449,'Boss Event Supreme Court Justice Barode',40083,'Scroll of Teleportation - Lastabad',1,1,35000),
(95449,'Boss Event Supreme Court Justice Barode',40166,'TechnicalDocument(BounceAttack)',1,1,3500),
(95449,'Boss Event Supreme Court Justice Barode',40210,'Spellbook(LightningStorm)',1,1,3500),
(95449,'Boss Event Supreme Court Justice Barode',40219,'Spellbook(MeteorStrike)',1,1,3500),
(95449,'Boss Event Supreme Court Justice Barode',40223,'Spellbook(AbsoluteBarrier)',1,1,700),
(95449,'Boss Event Supreme Court Justice Barode',40261,'Spirit Crystal(WindWalk)',1,1,7000),
(95449,'Boss Event Supreme Court Justice Barode',40264,'Spirit Crystal(WindShackle)',1,1,7000),
(95449,'Boss Event Supreme Court Justice Barode',40675,'Mineral of Darkness',1,1,7000),
(95449,'Boss Event Supreme Court Justice Barode',40964,'Black Magic Powder',1,1,35000),
(95449,'Boss Event Supreme Court Justice Barode',40968,'Attendant`s Scripture',1,1,3500),
(95449,'Boss Event Supreme Court Justice Barode',41018,'Sealed History Chapter 8',1,1,7000),
(95449,'Boss Event Supreme Court Justice Barode',41028,'Writing of Death Knight',1,1,7000),
(95449,'Boss Event Supreme Court Justice Barode',41149,'Spirit Crystal(Soul of Flame)',1,1,700),
(95449,'Boss Event Supreme Court Justice Barode',41150,'Spirit Crystal(Additional Fire)',1,1,7000),
(95449,'Boss Event Supreme Court Justice Barode',41243,'Lastabad Supplies Bag',1,1,7000),
(95449,'Boss Event Supreme Court Justice Barode',49116,'Dragon Tablet(AwakenValakas)',1,1,3500),
(95449,'Boss Event Supreme Court Justice Barode',100132,'Staff of New King',1,1,3500),
(95610,'Boss Event Thebes Horus',20254,'Amulet of Charisma',1,1,3500),
(95610,'Boss Event Thebes Horus',20256,'Amulet of Dexterity',1,1,7000),
(95610,'Boss Event Thebes Horus',20264,'Amulet of Strength',1,1,3500),
(95610,'Boss Event Thebes Horus',20266,'Amulet of Intelligence',1,1,2100),
(95610,'Boss Event Thebes Horus',20267,'Amulet of Wisdom',1,1,3500),
(95610,'Boss Event Thebes Horus',20268,'Amulet of Constitution',1,1,5250),
(95610,'Boss Event Thebes Horus',20280,'Ring of Immunity to Magic',1,1,1050),
(95610,'Boss Event Thebes Horus',20281,'Ring of Polymorph Conrol',1,1,10500),
(95610,'Boss Event Thebes Horus',20284,'Ring of Summon Control',1,1,14000),
(95610,'Boss Event Thebes Horus',20288,'Ring of Teleport Control',1,1,14000),
(95610,'Boss Event Thebes Horus',20303,'Ring of Magic Resistance',1,1,2100),
(95610,'Boss Event Thebes Horus',21093,'Ring of Thebes Osiris',1,1,700),
(95610,'Boss Event Thebes Horus',21094,'Ring of Thebes Anubis',1,1,700),
(95610,'Boss Event Thebes Horus',21095,'Belt of Thebes Osiris',1,1,700),
(95610,'Boss Event Thebes Horus',40024,'Ancient Greater Healing Potion',1,20,700000),
(95610,'Boss Event Thebes Horus',40074,'Scroll of Enchant Armor',1,1,700000),
(95610,'Boss Event Thebes Horus',40087,'Scroll of Enchant Weapon',1,1,700000),
(95610,'Boss Event Thebes Horus',49092,'Cracked Nucleus',1,1,700000),
(95610,'Boss Event Thebes Horus',49099,'Locked High-Grade Treasure Chest of Osiris',1,1,700000),
(95610,'Boss Event Thebes Horus',140074,'Scroll of Enchant Armor',1,1,350000),
(95610,'Boss Event Thebes Horus',140087,'Scroll of Enchant Weapon',1,1,350000),
(95610,'Boss Event Thebes Horus',140100,'Scroll of Teleportation',1,1,350000),
(95611,'Boss Event Thebes Anubis',20254,'Amulet of Charisma',1,1,3500),
(95611,'Boss Event Thebes Anubis',20256,'Amulet of Dexterity',1,1,7000),
(95611,'Boss Event Thebes Anubis',20264,'Amulet of Strength',1,1,3500),
(95611,'Boss Event Thebes Anubis',20266,'Amulet of Intelligence',1,1,2100),
(95611,'Boss Event Thebes Anubis',20267,'Amulet of Wisdom',1,1,3500),
(95611,'Boss Event Thebes Anubis',20268,'Amulet of Constitution',1,1,5250),
(95611,'Boss Event Thebes Anubis',20280,'Ring of Immunity to Magic',1,1,1050),
(95611,'Boss Event Thebes Anubis',20281,'Ring of Polymorph Conrol',1,1,10500),
(95611,'Boss Event Thebes Anubis',20284,'Ring of Summon Control',1,1,14000),
(95611,'Boss Event Thebes Anubis',20288,'Ring of Teleport Control',1,1,14000),
(95611,'Boss Event Thebes Anubis',20303,'Ring of Magic Resistance',1,1,2100),
(95611,'Boss Event Thebes Anubis',21093,'Ring of Thebes Osiris',1,1,700),
(95611,'Boss Event Thebes Anubis',21094,'Ring of Thebes Anubis',1,1,700),
(95611,'Boss Event Thebes Anubis',21095,'Belt of Thebes Osiris',1,1,700),
(95611,'Boss Event Thebes Anubis',40024,'Ancient Greater Healing Potion',1,20,700000),
(95611,'Boss Event Thebes Anubis',40074,'Scroll of Enchant Armor',1,1,700000),
(95611,'Boss Event Thebes Anubis',40087,'Scroll of Enchant Weapon',1,1,700000),
(95611,'Boss Event Thebes Anubis',49092,'Cracked Nucleus',1,1,700000),
(95611,'Boss Event Thebes Anubis',49099,'Locked High-Grade Treasure Chest of Osiris',1,1,700000),
(95611,'Boss Event Thebes Anubis',140074,'Scroll of Enchant Armor',1,1,350000),
(95611,'Boss Event Thebes Anubis',140087,'Scroll of Enchant Weapon',1,1,350000),
(95611,'Boss Event Thebes Anubis',140100,'Scroll of Teleportation',1,1,350000),
(95628,'Boss Event Ice Queen',11,'Dagger of Crystal',1,1,3500),
(95628,'Boss Event Ice Queen',41,'Katana',1,1,7000),
(95628,'Boss Event Ice Queen',52,'Two Handed Sword',1,1,7000),
(95628,'Boss Event Ice Queen',111,'Staff of Ice Queen',1,1,700),
(95628,'Boss Event Ice Queen',20059,'Water Cloak',1,1,2100),
(95628,'Boss Event Ice Queen',20110,'Chain Mail of Magic Resistance',1,1,210000),
(95628,'Boss Event Ice Queen',20134,'Alluring Dress of Ice Queen',1,1,2100),
(95628,'Boss Event Ice Queen',20154,'Plate Mail',1,1,7000),
(95628,'Boss Event Ice Queen',20172,'Glove of Ice Spirit',1,1,7000),
(95628,'Boss Event Ice Queen',20211,'Alluring Sandals of Ice Queen',1,1,5950),
(95628,'Boss Event Ice Queen',21081,'Ice Queen`s Earring Lvl 0',1,1,35000),
(95628,'Boss Event Ice Queen',40044,'Diamond',1,1,210000),
(95628,'Boss Event Ice Queen',40048,'High Quality Diamond',1,1,210000),
(95628,'Boss Event Ice Queen',40074,'Scroll of Enchant Armor',1,1,210000),
(95628,'Boss Event Ice Queen',40087,'Scroll of Enchant Weapon',1,1,210000),
(95628,'Boss Event Ice Queen',40089,'Scroll of Resurrection',1,1,210000),
(95628,'Boss Event Ice Queen',40094,'Blank Scroll (Level 5)',2,5,210000),
(95628,'Boss Event Ice Queen',40185,'Spellbook(Darkness)',1,1,35000),
(95628,'Boss Event Ice Queen',40196,'Spellbook(Summon)',1,1,7000),
(95628,'Boss Event Ice Queen',40205,'Spellbook(Invisibility)',1,1,700),
(95628,'Boss Event Ice Queen',40209,'Spellbook(Silence)',1,1,7000),
(95628,'Boss Event Ice Queen',40214,'Spellbook(MassTeleport)',1,1,35000),
(95628,'Boss Event Ice Queen',40225,'Spellbook(FreezingBlizzard)',1,1,7000),
(95628,'Boss Event Ice Queen',40253,'Spirit Crystal(WaterLife)',1,1,35000),
(95628,'Boss Event Ice Queen',40255,'Spirit Crystal(NaturesBlessing)',1,1,3500),
(95628,'Boss Event Ice Queen',40261,'Spirit Crystal(WindWalk)',1,1,210000),
(95628,'Boss Event Ice Queen',40306,'Relic of Eva',1,1,7000),
(95628,'Boss Event Ice Queen',40308,'Adena',10000,20000,700000),
(95628,'Boss Event Ice Queen',49031,'Ice Crystal',1,1,14000),
(95628,'Boss Event Ice Queen',49033,'Ice Queen`s Pouch',1,1,700000),
(95628,'Boss Event Ice Queen',140074,'Scroll of Enchant Armor',1,1,70000),
(95628,'Boss Event Ice Queen',140087,'Scroll of Enchant Weapon',1,1,70000),
(95628,'Boss Event Ice Queen',200052,'Two Handed Sword',1,1,7000);

-- mobskill
INSERT INTO `mobskill` (`mobid`,`actNo`,`mobname`,`Skill_Description`,`Type`,`TriRnd`,`TriHp`,`TriCompanionHp`,`TriRange`,`TriCount`,`ChangeTarget`,`Range`,`AreaWidth`,`AreaHeight`,`Leverage`,`SkillId`,`Gfxid`,`ActId`,`SummonId`,`SummonMin`,`SummonMax`,`PolyId`) 
VALUES (95000,0,'Zenith Queen',NULL,2,40,0,0,-6,0,0,0,0,0,10,10004,0,0,0,0,0,0),
(95034,0,'Seer',NULL,2,40,0,0,-6,0,0,0,0,0,15,10001,0,0,0,0,0,0),
(95034,1,'Seer',NULL,1,100,0,0,-1,0,0,1,0,0,30,0,0,0,0,0,0,0),
(95060,0,'Baphomet','Eruption',2,20,0,0,-6,0,0,0,0,0,20,45,0,0,0,0,0,0),
(95060,1,'Baphomet','Summon Skeleton',3,7,0,0,-3,3,0,0,0,0,0,0,0,18,45107,2,6,0),
(95070,0,'Beleth','Fireball',2,20,0,0,-6,0,0,0,0,0,60,25,0,0,0,0,0,0),
(95070,1,'Beleth','Summon Cerberus',3,7,0,0,-3,3,0,0,0,0,0,0,0,18,45241,2,4,0),
(95087,0,'Kurtz','Earthquake',2,20,0,0,-3,0,0,0,0,0,30,62,0,0,0,0,0,0),
(95087,1,'Kurtz',NULL,1,100,0,0,-1,0,0,1,0,0,20,0,0,0,0,0,0,0),
(95087,2,'Kurtz',NULL,1,50,0,0,-3,0,0,1,0,0,30,0,0,30,0,0,0,0),
(95088,0,'Death Knight','Vampiric Touch',2,20,0,0,-3,0,0,0,0,0,35,28,0,0,0,0,0,0),
(95088,1,'Death Knight',NULL,2,45,0,0,-6,0,0,0,0,0,15,10056,0,0,0,0,0,0),
(95088,2,'Death Knight','Summon Spartoi',3,5,0,0,-3,0,0,0,0,0,0,0,0,0,45161,1,3,0),
(95088,3,'Death Knight',NULL,1,100,0,0,-1,0,0,1,0,0,20,0,0,0,0,0,0,0),
(95097,0,'Ancient Giant',NULL,2,20,0,0,-11,0,0,0,0,0,30,10019,0,0,0,0,0,0),
(95097,1,'Ancient Giant',NULL,1,100,0,0,-6,0,0,2,0,0,30,0,0,0,0,0,0,0),
(95140,0,'Mummy Lord',NULL,1,100,0,0,-1,0,0,1,0,0,40,0,0,0,0,0,0,0),
(95141,0,'Iris','Tornado',2,30,0,0,-4,0,0,0,0,0,80,53,0,0,0,0,0,0),
(95141,1,'Iris',NULL,1,100,0,0,-3,0,0,3,0,0,30,0,0,0,0,0,0,0),
(95159,0,'Lich',NULL,2,50,0,0,-15,0,0,0,0,0,25,10010,0,0,0,0,0,0),
(95159,1,'Lich',NULL,2,50,0,0,-8,0,0,0,0,0,25,10061,0,0,0,0,0,0),
(95159,2,'Lich',NULL,1,100,0,0,-2,0,0,2,0,0,50,0,0,0,0,0,0,0),
(95160,0,'Grim Reaper',NULL,2,60,0,0,-8,0,0,0,0,0,45,10062,0,0,0,0,0,0),
(95160,1,'Grim Reaper',NULL,2,60,0,0,-15,0,0,0,0,0,40,10012,0,0,0,0,0,0),
(95160,2,'Grim Reaper',NULL,1,100,0,0,-2,0,0,2,2,1,80,0,0,0,0,0,0,0),
(95172,0,'Tarak',NULL,4,5,0,0,-9,0,0,0,0,0,0,0,0,0,0,0,0,3872),
(95172,1,'Tarak',NULL,2,30,0,0,-4,0,0,0,0,0,30,10025,0,0,0,0,0,0),
(95172,2,'Tarak','Summon Priest of Corruption (Flame Frog)',3,5,0,0,-3,0,0,0,0,0,0,0,0,0,45570,1,3,0),
(95172,3,'Tarak','Summon Priest of Corruption (Assassin)',3,5,0,0,-3,0,0,0,0,0,0,0,0,0,45571,1,3,0),
(95172,4,'Tarak','Summon Priest of Corruption (Butcher)',3,5,0,0,-3,0,0,0,0,0,0,0,0,0,45582,1,3,0),
(95172,5,'Tarak','Summon Priest of Corruption (Poison Beast)',3,5,0,0,-3,0,0,0,0,0,0,0,0,0,45587,1,3,0),
(95172,6,'Tarak','Summon Priest of Death (Fallen Demon)',3,5,0,0,-3,0,0,0,0,0,0,0,0,0,45605,1,3,0),
(95239,0,'Varlok',NULL,2,10,0,0,-4,0,0,0,0,0,20,10069,0,0,0,0,0,0),
(95239,1,'Varlok',NULL,2,10,0,0,-15,0,0,0,0,0,20,10070,0,0,0,0,0,0),
(95239,2,'Varlok','Shock Stun',2,15,0,0,-1,0,0,0,0,0,0,87,0,0,0,0,0,0),
(95442,0,'Supreme Court Justice Kenya','',2,60,0,0,-8,0,0,0,0,0,0,10113,0,0,0,0,0,0),
(95442,1,'Supreme Court Justice Kenya','',2,15,0,0,-5,0,0,0,0,0,0,10117,0,0,0,0,0,0),
(95442,2,'Supreme Court Justice Kenya','',1,100,0,0,-2,0,0,2,0,0,20,0,0,1,0,0,0,0),
(95443,0,'Supreme Court Justice Viatas','',2,15,0,0,-5,0,0,0,0,0,0,10116,0,0,0,0,0,0),
(95443,1,'Supreme Court Justice Viatas','',1,100,0,0,-2,0,0,2,0,0,20,0,5367,1,0,0,0,0),
(95444,0,'Supreme Court Justice Baromes','',2,10,0,0,-5,0,0,0,0,0,7,10109,0,0,0,0,0,0),
(95444,1,'Supreme Court Justice Baromes','',2,10,0,0,-7,0,0,0,0,0,8,10115,0,0,0,0,0,0),
(95444,2,'Supreme Court Justice Baromes','',1,100,0,0,-1,0,0,0,0,0,20,0,5480,1,0,0,0,0),
(95445,0,'Supreme Court Justice Endias','',2,15,0,0,-5,0,0,0,0,0,0,10114,0,0,0,0,0,0),
(95445,1,'Supreme Court Justice Endias','',1,100,0,0,-8,0,0,8,0,0,20,0,0,1,0,0,0,0),
(95446,0,'Supreme Court Justice Edea','',2,60,0,0,-8,0,0,0,0,0,0,10113,0,0,0,0,0,0),
(95446,1,'Supreme Court Justice Edea','',1,100,0,0,-2,0,0,2,0,0,30,0,0,1,0,0,0,0),
(95447,0,'Supreme Court Justice Tiames','',2,60,0,0,-8,0,0,0,0,0,0,10111,0,0,0,0,0,0),
(95447,1,'Supreme Court Justice Tiames','',2,15,0,0,-15,0,0,0,0,0,30,10112,0,0,0,0,0,0),
(95447,2,'Supreme Court Justice Tiames','',1,100,0,0,-1,0,0,1,0,0,30,0,0,1,0,0,0,0),
(95448,0,'Supreme Court Justice Ramias','',2,30,0,0,-5,0,0,0,0,0,0,10110,0,0,0,0,0,0),
(95448,1,'Supreme Court Justice Ramias','Summon Black Tiger',3,20,50,0,-3,10,0,0,0,0,0,0,0,0,45483,1,1,0),
(95448,2,'Supreme Court Justice Ramias','Summon Hell Bound',3,20,50,0,-3,10,0,0,0,0,0,0,0,0,45512,1,1,0),
(95448,3,'Supreme Court Justice Ramias','',1,100,0,0,-1,0,0,1,0,0,30,0,0,1,0,0,0,0),
(95449,0,'Supreme Court Justice Barode','',2,60,0,0,-8,0,0,0,0,0,0,10108,0,0,0,0,0,0),
(95449,1,'Supreme Court Justice Barode','',2,10,0,0,-5,0,0,0,0,0,0,10109,0,0,0,0,0,0),
(95449,2,'Supreme Court Justice Barode','',1,100,0,0,-1,0,0,1,0,0,20,0,0,1,0,0,0,0),
(95610,0,'Thebes Horus','',2,25,0,0,-6,0,0,0,0,0,6,10138,0,0,0,0,0,0),
(95610,1,'Thebes Horus','',2,10,0,0,-4,0,0,0,0,0,8,10140,0,0,0,0,0,0),
(95610,2,'Thebes Horus','',1,20,0,0,-1,0,0,1,0,2,10,0,0,30,0,0,0,0),
(95610,3,'Thebes Horus','Summon Horus Falcon',3,10,0,0,-3,3,0,0,0,0,0,0,0,18,46118,2,2,0),
(95611,0,'Thebes Anubis','',2,25,0,0,-6,0,0,0,0,0,6,10139,0,0,0,0,0,0),
(95611,1,'Thebes Anubis','',2,10,0,0,-4,0,0,0,0,0,8,10141,0,0,0,0,0,0),
(95611,2,'Thebes Anubis','',1,10,0,0,-1,0,0,1,0,2,10,0,0,30,0,0,0,0),
(95611,3,'Thebes Anubis','Summon Thebes Guardian',3,10,0,0,-3,3,0,0,0,0,0,0,0,18,46120,2,2,0),
(95611,4,'Thebes Anubis','Summon Thebes Elder',3,10,0,0,-3,3,0,0,0,0,0,0,0,18,46122,2,2,0),
(95628,0,'Ice Queen','Blizzard',2,30,0,0,-10,0,0,0,0,0,100,59,0,19,0,0,0,0),
(95628,1,'Ice Queen','Destroy',2,30,0,0,-6,0,3,6,0,0,25,77,0,1,0,0,0,0),
(95628,2,'Ice Queen','Cone of Cold',2,50,0,0,-6,0,3,6,0,0,25,38,0,18,0,0,0,0);

-- npcchat
INSERT INTO npcchat (`npc_id`,`chat_timing`,`note`,`start_delay_time`,`chat_id1`,`chat_id2`,`chat_id3`,`chat_id4`,`chat_id5`,`chat_interval`,`is_shout`,`is_world_chat`,`is_repeat`,`repeat_interval`,`game_time`)
VALUES (95000, 0, 'Boss Event', 1000, 'What is this strange place?!', '', '', '', '', 0, 1, 0, 0, 0, 0),
(95034, 0, 'Boss Event', 1000, 'I am finally free! You can''t stop me!', '', '', '', '', 0, 1, 0, 0, 0, 0),
(95060, 0, 'Boss Event', 1000, 'I am finally free! You can''t stop me!', '', '', '', '', 0, 1, 0, 0, 0, 0),
(95070, 0, 'Boss Event', 1000, 'I am finally free! You can''t stop me!', '', '', '', '', 0, 1, 0, 0, 0, 0),
(95087, 0, 'Boss Event', 1000, 'I am finally free! You can''t stop me!', '', '', '', '', 0, 1, 0, 0, 0, 0),
(95088, 0, 'Boss Event', 1000, 'I am finally free! You can''t stop me!', '', '', '', '', 0, 1, 0, 0, 0, 0),
(95097, 0, 'Boss Event', 1000, 'I am finally free! You can''t stop me!', '', '', '', '', 0, 1, 0, 0, 0, 0),
(95139, 0, 'Boss Event', 1000, 'I am finally free! You can''t stop me!', '', '', '', '', 0, 1, 0, 0, 0, 0),
(95140, 0, 'Boss Event', 1000, 'I am finally free! You can''t stop me!', '', '', '', '', 0, 1, 0, 0, 0, 0),
(95141, 0, 'Boss Event', 1000, 'I am finally free! You can''t stop me!', '', '', '', '', 0, 1, 0, 0, 0, 0),
(95159, 0, 'Boss Event', 1000, 'I am finally free! You can''t stop me!', '', '', '', '', 0, 1, 0, 0, 0, 0),
(95160, 0, 'Boss Event', 1000, 'I am finally free! You can''t stop me!', '', '', '', '', 0, 1, 0, 0, 0, 0),
(95172, 0, 'Boss Event', 1000, 'I am finally free! You can''t stop me!', '', '', '', '', 0, 1, 0, 0, 0, 0),
(95239, 0, 'Boss Event', 1000, 'I am finally free! You can''t stop me!', '', '', '', '', 0, 1, 0, 0, 0, 0),
(95442, 0, 'Boss Event', 1000, 'I am finally free! You can''t stop me!', '', '', '', '', 0, 1, 0, 0, 0, 0),
(95443, 0, 'Boss Event', 1000, 'I am finally free! You can''t stop me!', '', '', '', '', 0, 1, 0, 0, 0, 0),
(95444, 0, 'Boss Event', 1000, 'I am finally free! You can''t stop me!', '', '', '', '', 0, 1, 0, 0, 0, 0),
(95445, 0, 'Boss Event', 1000, 'I am finally free! You can''t stop me!', '', '', '', '', 0, 1, 0, 0, 0, 0),
(95446, 0, 'Boss Event', 1000, 'I am finally free! You can''t stop me!', '', '', '', '', 0, 1, 0, 0, 0, 0),
(95447, 0, 'Boss Event', 1000, 'I am finally free! You can''t stop me!', '', '', '', '', 0, 1, 0, 0, 0, 0),
(95448, 0, 'Boss Event', 1000, 'I am finally free! You can''t stop me!', '', '', '', '', 0, 1, 0, 0, 0, 0),
(95449, 0, 'Boss Event', 1000, 'I am finally free! You can''t stop me!', '', '', '', '', 0, 1, 0, 0, 0, 0),
(95610, 0, 'Boss Event', 1000, 'I am finally free! You can''t stop me!', '', '', '', '', 0, 1, 0, 0, 0, 0),
(95611, 0, 'Boss Event', 1000, 'I am finally free! You can''t stop me!', '', '', '', '', 0, 1, 0, 0, 0, 0),
(95628, 0, 'Boss Event', 1000, 'I am finally free! You can''t stop me!', '', '', '', '', 0, 1, 0, 0, 0, 0);
