-- Tikal Project by Zylaxyma

UPDATE `area` SET `areaname` = 'Tikal Temple Entrance' WHERE `mapid` = 783;
UPDATE `area` SET `areaname` = 'Kukulcan\'s Altar' WHERE `mapid` = 784;

UPDATE `mapids` SET `locationname` = 'Kukulcan\'s Altar' WHERE `mapid` = 784;

UPDATE `getback` SET `note` = 'Tikal Temple Entrance' WHERE `area_mapid` = 783;
UPDATE `getback` SET `note` = 'Kukulcan\'s Altar' WHERE `area_mapid` = 784;

UPDATE `getback_restart` SET `note` = 'Tikal Temple Entrance' WHERE area = 783;
UPDATE `getback_restart` SET `note` = 'Kukulcan\'s Altar' WHERE area = 784;

INSERT INTO `npcaction` VALUES (90520, 'joegolem21', 'joegolem21', '', '');

INSERT INTO `npc` VALUES
(90500, 'Monkey', '$7373', 'Tikal Temple Picks up drops', 'L1Monster', 7220, 6, 60, 10, -10, 1, 1, 1, 1, 1, 10, 37, 0, 'small', 0, 0, 0, 320, 0, 0, 0, 480, 0, 0, 0, 0, 0, 0, '', 0, -1, -1, 1, 0, 0, 0, 0, 0, 0, 0, 0, 0, 0, 0, 0, 0, 0, 0, 0, 0, 0, 0, 0, -1, 0, 0, 0, 0, 0),
(90501, 'Snake', '$7372', 'Tikal Temple', 'L1Monster', 7197, 6, 60, 10, -10, 1, 1, 1, 1, 1, 10, 37, 0, 'small', 0, 0, 0, 1600, 0, 0, 0, 0, 0, 0, 0, 0, 0, 0, '', 0, -1, -1, 0, 0, 0, 0, 0, 0, 0, 0, 0, 0, 0, 0, 0, 0, 0, 0, 0, 0, 0, 0, 0, -1, 0, 0, 0, 0, 0),
(90502,'Ecu Azte (Purple)','$6436','(Village Ruins)','L1Monster',7081,23,252,50,-13,16,10,4,11,6,50,530,-16,'small',0,1,0,640,840,0,1440,720,0,0,0,0,0,0,'tikal',1,-1,-1,0,0,0,0,0,0,0,0,0,0,0,0,0,0,0,0,0,0,0,0,0,-1,0,0,0,0,0),
(90503,'Ecu Azte (Red)','$6436','(Village Ruins)','L1Monster',7078,26,288,50,-20,16,10,4,11,6,40,677,-18,'small',0,1,0,640,840,0,1440,720,0,0,0,1,1,1,'tikalagro',1,-1,-1,0,0,0,0,0,0,0,0,0,0,0,0,0,0,0,0,0,0,0,0,0,-1,0,0,0,0,0),
(90504,'Ecu Yuka (Blue)','$6437','(Village Ruins/Jungle/Swamp)','L1Monster',7097,29,360,80,-33,14,12,15,11,8,10,842,-20,'small',0,10,0,480,1120,0,1120,1120,0,1,0,0,0,0,'tikal',1,-1,-1,0,0,0,0,0,0,0,0,0,0,0,0,0,0,0,0,0,0,0,7093,0,-1,0,0,0,0,0),
(90505,'Ecu Yuka (White)','$6437','(Village Ruins/Jungle/Swamp)','L1Monster',7091,32,432,80,-36,14,12,15,11,8,10,1025,-22,'small',0,10,0,480,1120,0,1120,1120,0,1,0,1,1,1,'tikalagro',1,-1,-1,0,0,0,0,0,0,0,0,0,0,0,0,0,0,0,0,0,0,0,7093,0,-1,0,0,0,0,0),
(90506,'Ecu Juraka (Blue)','$6438','(Forest/Swamp)','L1Monster',7098,35,528,50,-18,19,17,14,9,12,15,1226,-22,'small',0,1,0,960,1200,920,1200,1200,0,1,0,0,0,0,'tikal',1,-1,-1,0,0,0,0,0,0,0,0,0,0,0,0,0,0,0,0,0,0,0,0,0,-1,0,0,0,0,0),
(90507,'Ecu Juraka (Green)','$6438','(Forest/Swamp)','L1Monster',7099,39,660,50,-23,19,17,14,9,12,15,1522,-25,'small',1,1,0,960,1200,920,1200,1200,0,1,0,1,1,1,'tikalagro',1,-1,-1,0,0,0,0,0,0,0,0,0,0,0,0,0,0,0,0,0,0,0,0,0,-1,0,0,0,0,0),
(90508,'Ecu Bla (Green)','$6439','(Forest/Swamp)','L1Monster',7111,41,840,80,-23,18,15,18,16,15,20,1682,-25,'large',0,1,0,840,1240,2240,1160,2240,0,0,0,0,0,0,'tikal',1,-1,-1,0,0,0,0,0,0,0,0,0,0,0,0,0,0,0,0,0,0,0,0,0,-1,0,0,0,0,0),
(90509,'Ecu Bla (Yellow)','$6439','(Forest/Swamp)','L1Monster',7113,44,960,100,-24,18,15,18,16,15,20,1937,-28,'large',0,1,0,840,1240,2240,1160,2240,0,0,0,1,1,1,'tikalagro',1,-1,-1,0,0,0,0,0,0,0,0,0,0,0,0,0,0,0,0,0,0,0,0,0,-1,0,0,0,0,0),
(90510,'Ecu Ette (Branches)','$6440','(Forest/Swamp)','L1Monster',7170,47,1056,115,-26,25,25,13,20,18,80,2210,-26,'large',0,1,0,960,1400,1800,1360,1360,0,0,0,0,0,0,'tikal',1,-1,-1,0,0,0,0,0,0,0,0,0,0,0,0,0,0,0,1,0,0,0,0,0,-1,0,0,0,0,0),
(90511,'Ecu Ette (Leaves)','$6440','(Forest/Swamp)','L1Monster',7167,50,1344,140,-29,25,25,13,20,18,10,2501,-32,'large',0,1,0,960,1400,1800,1360,1360,0,0,0,1,1,1,'tikalagro',1,-1,-1,0,0,0,0,0,0,0,0,0,0,0,0,0,0,0,1,0,0,0,0,0,-1,0,0,0,0,0),
(90512,'Jad Tow (Blue)','$6441','(Temple Entrance/Interior)','L1Monster',7173,50,810,250,-26,19,24,19,17,16,30,2501,-32,'small',0,1,0,480,840,1280,840,840,0,0,0,0,0,0,'tikal',1,-1,-1,0,0,0,0,0,0,0,0,0,0,0,0,0,0,0,0,0,0,0,0,0,-1,0,0,0,0,0),
(90513,'Jad Tow (Red)','$6441','(Temple Entrance/Interior)','L1Monster',7176,52,1008,200,-39,19,24,19,17,16,10,2705,-32,'small',0,1,0,480,840,1280,840,840,0,0,0,1,1,1,'tikalagro',1,-1,-1,0,0,0,0,0,0,0,0,0,0,0,0,0,0,0,0,0,0,0,0,0,-1,0,0,0,0,0),
(90514,'Jad Ske (Purple)','$6442','(Temple Entrance/Interior)','L1Monster',7186,54,1440,160,-36,30,30,14,25,30,5,2917,-32,'small',0,2,0,1280,2080,1400,2080,1400,0,0,0,0,0,0,'tikal',1,-1,-1,0,0,0,0,0,0,0,0,0,0,0,0,0,0,0,0,0,0,0,0,0,-1,0,0,0,0,0),
(90515,'Jad Ske (Red)','$6442','(Temple Entrance/Interior)','L1Monster',7184,56,1560,160,-36,30,30,14,25,30,5,3137,-34,'small',0,2,0,1280,2080,1400,2080,1400,0,0,0,1,1,1,'tikalagro',1,-1,-1,0,0,0,0,0,0,0,0,0,0,0,0,0,0,0,0,0,0,0,0,0,-1,0,0,0,0,0),
(90516,'Jad Teo (Blue)','$6443','(Temple Entrance/Interior)','L1Monster',7196,58,1680,190,-27,38,40,12,29,25,50,3365,-37,'large',0,2,0,640,1280,0,1520,1520,0,0,0,0,0,0,'tikal',1,-1,-1,0,0,0,0,0,0,0,0,0,0,0,0,0,0,0,0,0,0,0,0,0,-1,0,0,0,0,0),
(90517,'Jad Teo (Yellow)','$6443','(Temple Entrance/Interior)','L1Monster',7193,60,1800,100,-36,38,40,12,29,25,35,3601,-37,'large',0,2,0,640,1280,0,1520,1520,0,0,0,1,1,1,'tikalagro',1,-1,-1,0,0,0,0,0,0,0,0,0,0,0,0,0,0,0,0,0,0,0,0,0,-1,0,0,0,0,0),
(90518,'Jeb Requie (Male)','$6444','Right','L1Monster',7234,70,25000,100,-120,125,50,24,35,40,80,4901,-315,'large',1,4,0,0,1960,2000,2000,2400,0,0,0,1,1,1,'tikal',0,-1,-1,0,0,0,5000,5000,5000,50,0,0,0,0,0,0,0,0,1,0,0,0,0,0,-1,0,0,0,0,1),
(90519,'Jeb Requie (Female)','$6444','Left','L1Monster',7236,70,20000,100,-120,125,50,24,35,40,80,4901,-315,'large',0,4,0,0,2080,2640,1920,2920,0,0,0,1,1,1,'tikal',0,-1,-1,0,0,0,5000,5000,5000,50,0,0,0,0,0,0,0,0,1,0,0,0,0,0,-1,0,0,0,0,1),
(90520,'Joe\'s Stone Golem','$5526','Joe\'s Stone Golem','L1Merchant',6685,0,0,0,0,0,0,0,0,0,0,0,0,'small',0,0,0,1280,2640,0,2640,2640,0,0,0,0,0,0,'',0,-1,-1,0,0,0,0,0,0,0,0,0,0,0,0,0,0,0,0,0,0,0,0,0,-1,0,14,0,0,0);

INSERT INTO `spawnlist_npc` VALUES
(1310453,'Kulukulcan\'s Altar GateKeeper',1,90521,33260,32743,0,0,6,0,783,0),
(90572, 'Joe\'s Stone Golem', 1, 90520, 32858, 32721, 0, 0, 4, 0, 783, 0);

INSERT INTO `spawnlist` VALUES
(801500992,'Monkey',0,90500,50,33237,32765,12,12,0,0,0,0,0,60,120,783,0,0,0,0,1,8,2,100),
(801500993,'Snake',0,90501,60,33215,32785,12,12,0,0,0,0,5,60,120,783,0,0,0,0,1,8,2,100),
(801500994,'Ecu Azte',2,90503,0,32807,32754,12,12,0,0,0,0,2,60,120,783,0,0,0,0,1,8,2,100),
(801500995,'Ecu Azte',2,90503,0,32812,32777,12,12,0,0,0,0,4,60,120,783,0,0,0,0,1,8,2,100),
(801500996,'Ecu Azte',2,90503,0,32828,32800,12,12,0,0,0,0,4,60,120,783,0,0,0,0,1,8,2,100),
(801500997,'Ecu Azte',2,90503,0,32843,32853,12,12,0,0,0,0,5,60,120,783,0,0,0,0,1,8,2,100),
(801500998,'Ecu Azte',2,90503,0,32817,32837,12,12,0,0,0,0,0,60,120,783,0,0,0,0,1,8,2,100),
(801501000,'Ecu Azte',1,90502,0,32830,32796,12,12,0,0,0,0,1,60,120,783,0,0,0,0,1,8,2,100),
(801501001,'Ecu Azte',1,90502,0,32850,32809,12,12,0,0,0,0,2,60,120,783,0,0,0,0,1,8,2,100),
(801501002,'Ecu Azte',1,90502,0,32851,32829,12,12,0,0,0,0,4,60,120,783,0,0,0,0,1,8,2,100),
(801501003,'Ecu Azte',2,90503,0,32863,32837,12,12,0,0,0,0,3,60,120,783,0,0,0,0,1,8,2,100),
(801501004,'Ecu Azte',1,90502,0,32882,32809,12,12,0,0,0,0,0,60,120,783,0,0,0,0,1,8,2,100),
(801501005,'Ecu Azte',2,90502,0,32896,32790,12,12,0,0,0,0,0,60,120,783,0,0,0,0,1,8,2,100),
(801501006,'Ecu Azte',1,90503,0,32927,32758,12,12,0,0,0,0,3,60,120,783,0,0,0,0,1,8,2,100),
(801501007,'Ecu Azte',3,90502,0,32935,32755,12,12,0,0,0,0,2,60,120,783,0,0,0,0,1,8,2,100),
(801501008,'Ecu Azte',1,90502,0,32908,32804,12,12,0,0,0,0,4,60,120,783,0,0,0,0,1,8,2,100),
(801501009,'Ecu Azte',2,90503,0,32890,32821,12,12,0,0,0,0,6,60,120,783,0,0,0,0,1,8,2,100),
(801501010,'Ecu Azte',1,90502,0,32881,32848,12,12,0,0,0,0,4,60,120,783,0,0,0,0,1,8,2,100),
(801501011,'Ecu Azte',3,90503,0,32859,32845,12,12,0,0,0,0,5,60,120,783,0,0,0,0,1,8,2,100),
(801501012,'Ecu Azte',1,90503,0,32845,32875,12,12,0,0,0,0,6,60,120,783,0,0,0,0,1,8,2,100),
(801501013,'Ecu Azte',3,90502,0,32901,32806,12,12,0,0,0,0,0,60,120,783,0,0,0,0,1,8,2,100),
(801501014,'Ecu Yuka',1,90504,0,32932,32794,12,12,0,0,0,0,4,60,120,783,0,0,0,0,1,8,2,100),
(801501015,'Ecu Yuka',1,90504,0,32923,32805,12,12,0,0,0,0,5,60,120,783,0,0,0,0,1,8,2,100),
(801501016,'Ecu Yuka',1,90504,0,32907,32808,12,12,0,0,0,0,6,60,120,783,0,0,0,0,1,8,2,100),
(801501017,'Ecu Yuka',1,90504,0,32898,32826,12,12,0,0,0,0,4,60,120,783,0,0,0,0,1,8,2,100),
(801501018,'Ecu Yuka',3,90504,0,32879,32800,12,12,0,0,0,0,0,60,120,783,0,0,0,0,1,8,2,100),
(801501019,'Ecu Yuka',1,90505,0,32928,32845,12,12,0,0,0,0,4,60,120,783,0,0,0,0,1,8,2,100),
(801501020,'Ecu Yuka',1,90504,0,32951,32847,12,12,0,0,0,0,2,60,120,783,0,0,0,0,1,8,2,100),
(801501021,'Ecu Yuka',1,90504,0,32973,32846,12,12,0,0,0,0,0,60,120,783,0,0,0,0,1,8,2,100),
(801501022,'Ecu Yuka',2,90505,0,32973,32846,12,12,0,0,0,0,0,60,120,783,0,0,0,0,1,8,2,100),
(801501023,'Ecu Yuka',1,90505,0,32962,32795,12,12,0,0,0,0,0,60,120,783,0,0,0,0,1,8,2,100),
(801501024,'Ecu Yuka',3,90504,0,32975,32768,12,12,0,0,0,0,0,60,120,783,0,0,0,0,1,8,2,100),
(801501025,'Ecu Yuka',1,90505,0,32975,32768,12,12,0,0,0,0,0,60,120,783,0,0,0,0,1,8,2,100),
(801501026,'Ecu Yuka',3,90505,0,32911,32778,12,12,0,0,0,0,5,60,120,783,0,0,0,0,1,8,2,100),
(801501027,'Ecu Yuka',1,90504,0,32869,32849,12,12,0,0,0,0,4,60,120,783,0,0,0,0,1,8,2,100),
(801501028,'Ecu Yuka',1,90505,0,32922,32829,12,12,0,0,0,0,2,60,120,783,0,0,0,0,1,8,2,100),
(801501029,'Ecu Yuka',1,90505,0,32946,32831,12,12,0,0,0,0,2,60,120,783,0,0,0,0,1,8,2,100),
(801501030,'Ecu Juraka',2,90506,0,32987,32853,12,12,0,0,0,0,2,60,120,783,0,0,0,0,1,8,2,100),
(801501031,'Ecu Juraka',1,90506,0,32992,32866,12,12,0,0,0,0,4,60,120,783,0,0,0,0,1,8,2,100),
(801501032,'Ecu Juraka',1,90507,0,33016,32865,12,12,0,0,0,0,0,60,120,783,0,0,0,0,1,8,2,100),
(801501033,'Ecu Juraka',3,90506,0,33013,32844,12,12,0,0,0,0,0,60,120,783,0,0,0,0,1,8,2,100),
(801501034,'Ecu Juraka',1,90506,0,33023,32816,12,12,0,0,0,0,0,60,120,783,0,0,0,0,1,8,2,100),
(801501035,'Ecu Juraka',1,90507,0,33023,32816,12,12,0,0,0,0,0,60,120,783,0,0,0,0,1,8,2,100),
(801501036,'Ecu Juraka',1,90506,0,33028,32783,12,12,0,0,0,0,0,60,120,783,0,0,0,0,1,8,2,100),
(801501037,'Ecu Juraka',1,90507,0,33028,32778,12,12,0,0,0,0,0,60,120,783,0,0,0,0,1,8,2,100),
(801501038,'Ecu Juraka',1,90506,0,33029,32751,12,12,0,0,0,0,0,60,120,783,0,0,0,0,1,8,2,100),
(801501039,'Ecu Juraka',1,90506,0,33031,32736,12,12,0,0,0,0,0,60,120,783,0,0,0,0,1,8,2,100),
(801501040,'Ecu Juraka',2,90507,0,33031,32736,12,12,0,0,0,0,0,60,120,783,0,0,0,0,1,8,2,100),
(801501041,'Ecu Juraka',1,90506,0,33014,32715,12,12,0,0,0,0,0,60,120,783,0,0,0,0,1,8,2,100),
(801501042,'Ecu Juraka',1,90507,0,32993,32726,12,12,0,0,0,0,4,60,120,783,0,0,0,0,1,8,2,100),
(801501043,'Ecu Juraka',1,90506,0,32982,32750,12,12,0,0,0,0,4,60,120,783,0,0,0,0,1,8,2,100),
(801501044,'Ecu Juraka',1,90507,0,32989,32773,12,12,0,0,0,0,4,60,120,783,0,0,0,0,1,8,2,100),
(801501045,'Ecu Juraka',2,90507,0,33005,32782,12,12,0,0,0,0,2,60,120,783,0,0,0,0,1,8,2,100),
(801501046,'Ecu Bla',1,90508,0,33043,32775,12,12,0,0,0,0,2,60,120,783,0,0,0,0,1,8,2,100),
(801501047,'Ecu Bla',1,90508,0,33020,32760,12,12,0,0,0,0,6,60,120,783,0,0,0,0,1,8,2,100),
(801501048,'Ecu Bla',2,90509,0,33008,32751,12,12,0,0,0,0,6,60,120,783,0,0,0,0,1,8,2,100),
(801501049,'Ecu Bla',1,90508,0,32993,32733,12,12,0,0,0,0,6,60,120,783,0,0,0,0,1,8,2,100),
(801501050,'Ecu Bla',3,90509,0,32995,32708,12,12,0,0,0,0,0,60,120,783,0,0,0,0,1,8,2,100),
(801501051,'Ecu Bla',1,90509,0,33027,32718,12,12,0,0,0,0,2,60,120,783,0,0,0,0,1,8,2,100),
(801501052,'Ecu Bla',2,90509,0,33032,32757,12,12,0,0,0,0,6,60,120,783,0,0,0,0,1,8,2,100),
(801501053,'Ecu Ette',1,90510,0,33019,32784,12,12,0,0,0,0,6,60,120,783,0,0,0,0,1,8,2,100),
(801501054,'Ecu Ette',1,90511,0,33006,32802,12,12,0,0,0,0,5,60,120,783,0,0,0,0,1,8,2,100),
(801501055,'Ecu Bla',2,90508,0,32994,32820,12,12,0,0,0,0,5,60,120,783,0,0,0,0,1,8,2,100),
(801501056,'Ecu Bla',1,90509,0,32975,32836,12,12,0,0,0,0,2,60,120,783,0,0,0,0,1,8,2,100),
(801501057,'Ecu Ette',3,90510,0,32979,32808,12,12,0,0,0,0,0,60,120,783,0,0,0,0,1,8,2,100),
(801501058,'Ecu Ette',1,90511,0,32979,32772,12,12,0,0,0,0,2,60,120,783,0,0,0,0,1,8,2,100),
(801501059,'Ecu Ette',2,90511,0,33006,32761,12,12,0,0,0,0,0,60,120,783,0,0,0,0,1,8,2,100),
(801501060,'Ecu Ette',1,90510,0,33006,32761,12,12,0,0,0,0,0,60,120,783,0,0,0,0,1,8,2,100),
(801501061,'Ecu Ette',3,90510,0,33023,32743,12,12,0,0,0,0,0,60,120,783,0,0,0,0,1,8,2,100),
(801501062,'Ecu Ette',1,90511,0,33011,32828,12,12,0,0,0,0,4,60,120,783,0,0,0,0,1,8,2,100),
(801501063,'Ecu Bla',2,90509,0,33011,32828,12,12,0,0,0,0,4,60,120,783,0,0,0,0,1,8,2,100),
(801501064,'Ecu Bla',3,90508,0,33029,32868,12,12,0,0,0,0,7,60,120,783,0,0,0,0,1,8,2,100),
(801501065,'Jad Tow',1,90512,0,33055,32826,12,12,0,0,0,0,5,60,120,783,0,0,0,0,1,8,2,100),
(801501066,'Jad Tow',1,90512,0,33063,32807,12,12,0,0,0,0,0,60,120,783,0,0,0,0,1,8,2,100),
(801501067,'Jad Tow',1,90513,0,33063,32807,12,12,0,0,0,0,0,60,120,783,0,0,0,0,1,8,2,100),
(801501068,'Jad Tow',1,90512,0,33075,32780,12,12,0,0,0,0,0,60,120,783,0,0,0,0,1,8,2,100),
(801501069,'Jad Tow',1,90513,0,33067,32758,12,12,0,0,0,0,0,60,120,783,0,0,0,0,1,8,2,100),
(801501070,'Jad Ske',1,90514,0,33066,32741,12,12,0,0,0,0,0,60,120,783,0,0,0,0,1,8,2,100),
(801501071,'Jad Ske',1,90514,0,33085,32751,12,12,0,0,0,0,2,60,120,783,0,0,0,0,1,8,2,100),
(801501072,'Jad Ske',1,90515,0,33105,32765,12,12,0,0,0,0,2,60,120,783,0,0,0,0,1,8,2,100),
(801501073,'Jad Teo',1,90516,0,33105,32765,12,12,0,0,0,0,2,60,120,783,0,0,0,0,1,8,2,100),
(801501074,'Jad Tow',1,90512,0,33126,32786,12,12,0,0,0,0,2,60,120,783,0,0,0,0,1,8,2,100),
(801501075,'Jad Tow',1,90513,0,33133,32800,12,12,0,0,0,0,4,60,120,783,0,0,0,0,1,8,2,100),
(801501076,'Jad Ske',3,90514,0,33132,32814,12,12,0,0,0,0,5,60,120,783,0,0,0,0,1,8,2,100),
(801501077,'Jad Ske',1,90515,0,33131,32838,12,12,0,0,0,0,4,60,120,783,0,0,0,0,1,8,2,100),
(801501078,'Jad Tow',1,90512,0,33146,32821,12,12,0,0,0,0,0,60,120,783,0,0,0,0,1,8,2,100),
(801501079,'Jad Ske',1,90514,0,33160,32799,12,12,0,0,0,0,0,60,120,783,0,0,0,0,1,8,2,100),
(801501080,'Jad Tow',1,90513,0,33154,32779,12,12,0,0,0,0,0,60,120,783,0,0,0,0,1,8,2,100),
(801501081,'Jad Ske',3,90514,0,33158,32768,12,12,0,0,0,0,0,60,120,783,0,0,0,0,1,8,2,100),
(801501082,'Jad Ske',1,90515,0,33169,32747,12,12,0,0,0,0,0,60,120,783,0,0,0,0,1,8,2,100),
(801501083,'Jad Teo',1,90516,0,33171,32726,12,12,0,0,0,0,0,60,120,783,0,0,0,0,1,8,2,100),
(801501084,'Jad Teo',1,90517,0,33171,32713,12,12,0,0,0,0,0,60,120,783,0,0,0,0,1,8,2,100),
(801501085,'Jad Tow',1,90512,0,33172,32692,12,12,0,0,0,0,0,60,120,783,0,0,0,0,1,8,2,100),
(801501086,'Jad Tow',3,90513,0,33171,32676,12,12,0,0,0,0,0,60,120,783,0,0,0,0,1,8,2,100),
(801501087,'Jad Ske',3,90514,0,33185,32667,12,12,0,0,0,0,0,60,120,783,0,0,0,0,1,8,2,100),
(801501088,'Jad Ske',2,90515,0,33196,32682,12,12,0,0,0,0,4,60,120,783,0,0,0,0,1,8,2,100),
(801501089,'Jad Teo',1,90516,0,33205,32699,12,12,0,0,0,0,4,60,120,783,0,0,0,0,1,8,2,100),
(801501090,'Jad Tow',1,90512,0,33212,32700,12,12,0,0,0,0,2,60,120,783,0,0,0,0,1,8,2,100),
(801501091,'Jad Ske',1,90514,0,33212,32700,12,12,0,0,0,0,2,60,120,783,0,0,0,0,1,8,2,100),
(801501092,'Jad Ske',2,90515,0,33210,32681,12,12,0,0,0,0,0,60,120,783,0,0,0,0,1,8,2,100),
(801501093,'Jad Teo',1,90516,0,33226,32686,12,12,0,0,0,0,2,60,120,783,0,0,0,0,1,8,2,100),
(801501094,'Jad Tow',1,90512,0,33219,32707,12,12,0,0,0,0,4,60,120,783,0,0,0,0,1,8,2,100),
(801501095,'Jad Tow',1,90513,0,33216,32735,12,12,0,0,0,0,4,60,120,783,0,0,0,0,1,8,2,100),
(801501096,'Jad Ske',1,90514,0,33228,32753,12,12,0,0,0,0,4,60,120,783,0,0,0,0,1,8,2,100),
(801501097,'Jad Teo',2,90517,0,33228,32767,12,12,0,0,0,0,4,60,120,783,0,0,0,0,1,8,2,100),
(801501098,'Jad Teo',1,90517,0,33214,32790,12,12,0,0,0,0,5,60,120,783,0,0,0,0,1,8,2,100),
(801501099,'Jad Teo',1,90517,0,33212,32807,12,12,0,0,0,0,4,60,120,783,0,0,0,0,1,8,2,100),
(801501100,'Jad Ske',1,90515,0,33240,32814,12,12,0,0,0,0,0,60,120,783,0,0,0,0,1,8,2,100),
(801501101,'Jad Teo',2,90516,0,33239,32790,12,12,0,0,0,0,0,60,120,783,0,0,0,0,1,8,2,100),
(801501102,'Jad Teo',3,90516,0,33207,32735,12,12,0,0,0,0,7,60,120,783,0,0,0,0,1,8,2,100),
(801501103,'Jad Teo',1,90517,0,33181,32715,12,12,0,0,0,0,6,60,120,783,0,0,0,0,1,8,2,100),
(801501104,'Jad Ske',1,90514,0,33169,32694,12,12,0,0,0,0,0,60,120,783,0,0,0,0,1,8,2,100),
(801501105,'Jad Ske',3,90515,0,33207,32676,12,12,0,0,0,0,0,60,120,783,0,0,0,0,1,8,2,100),
(801501106,'Jad Teo',1,90517,0,33250,32674,12,12,0,0,0,0,0,60,120,783,0,0,0,0,1,8,2,100),
(801501107,'Jad Teo',1,90516,0,33248,32727,12,12,0,0,0,0,5,60,120,783,0,0,0,0,1,8,2,100),
(801501108,'Jad Tow',3,90512,0,33248,32727,12,12,0,0,0,0,5,60,120,783,0,0,0,0,1,8,2,100),
(801501109,'Jad Teo',1,90517,0,33194,32676,12,12,0,0,0,0,4,60,120,783,0,0,0,0,1,8,2,100),
(801501110,'Jad Teo',1,90516,0,33193,32683,12,12,0,0,0,0,6,60,120,783,0,0,0,0,1,8,2,100),
(801501111,'Jad Ske',3,90515,0,33203,32681,12,12,0,0,0,0,4,60,120,783,0,0,0,0,1,8,2,100),
(801501112,'Jad Ske',1,90514,0,33205,32685,12,12,0,0,0,0,4,60,120,783,0,0,0,0,1,8,2,100),
(801501113,'Jad Teo',2,90516,0,33229,32753,12,12,0,0,0,0,4,60,120,783,0,0,0,0,1,8,2,100),
(801501114,'Jad Teo',1,90517,0,33229,32753,12,12,0,0,0,0,4,60,120,783,0,0,0,0,1,8,2,100),
(801501115,'Jad Ske',2,90515,0,33218,32772,12,12,0,0,0,0,7,60,120,783,0,0,0,0,1,8,2,100),
(801501116,'Jad Teo',2,90516,0,33201,32796,12,12,0,0,0,0,4,60,120,783,0,0,0,0,1,8,2,100),
(801501117,'Jad Ske',1,90514,0,33211,32793,12,12,0,0,0,0,0,60,120,783,0,0,0,0,1,8,2,100),
(801501118,'Jad Teo',2,90517,0,33237,32804,12,12,0,0,0,0,6,60,120,783,0,0,0,0,1,8,2,100),
(801501119,'Jad Teo',1,90516,0,33237,32804,12,12,0,0,0,0,6,60,120,783,0,0,0,0,1,8,2,100),
(801501120,'Jad Ske',2,90514,0,33237,32804,12,12,0,0,0,0,6,60,120,783,0,0,0,0,1,8,2,100),
(801501125,'Jeb Requie',1,90518,0,32751,32871,0,0,0,0,0,0,0,21600,28800,784,0,0,0,0,1,8,2,100),
(801501126,'Jeb Requie',1,90519,0,32750,32859,0,0,0,0,0,0,0,21600,28800,784,0,0,0,0,1,8,2,100),
(801501127, 'Monkey', 1, 90500, 0, 32853, 32867, 20, 20, 0, 0, 0, 0, 0, 60, 120, 783, 0, 0, 0, 0, 1, 8, 2, 100),
(801501128, 'Monkey', 1, 90500, 0, 32936, 32819, 20, 20, 0, 0, 0, 0, 0, 60, 120, 783, 0, 0, 0, 0, 1, 8, 2, 100),
(801501129, 'Monkey', 1, 90500, 0, 33031, 32760, 20, 20, 0, 0, 0, 0, 0, 60, 120, 783, 0, 0, 0, 0, 1, 8, 2, 100),
(801501130, 'Monkey', 1, 90500, 0, 32947, 32710, 20, 20, 0, 0, 0, 0, 0, 60, 120, 783, 0, 0, 0, 0, 1, 8, 2, 100),
(801501131, 'Monkey', 1, 90500, 0, 32816, 32844, 20, 20, 0, 0, 0, 0, 0, 60, 120, 783, 0, 0, 0, 0, 1, 8, 2, 100),
(801501132, 'Monkey', 1, 90500, 0, 32875, 32723, 20, 20, 0, 0, 0, 0, 0, 60, 120, 783, 0, 0, 0, 0, 1, 8, 2, 100),
(801501133, 'Monkey', 1, 90500, 0, 33103, 32692, 20, 20, 0, 0, 0, 0, 0, 60, 120, 783, 0, 0, 0, 0, 1, 8, 2, 100),
(801501134, 'Monkey', 1, 90500, 0, 33232, 32746, 20, 20, 0, 0, 0, 0, 0, 60, 120, 783, 0, 0, 0, 0, 1, 8, 2, 100),
(801501135, 'Snake', 1, 90501, 0, 32879, 32872, 20, 20, 0, 0, 0, 0, 0, 60, 120, 783, 0, 0, 0, 0, 1, 8, 2, 100),
(801501136, 'Snake', 1, 90501, 0, 33072, 32702, 20, 20, 0, 0, 0, 0, 0, 60, 120, 783, 0, 0, 0, 0, 1, 8, 2, 100),
(801501137, 'Snake', 1, 90501, 0, 32970, 32698, 20, 20, 0, 0, 0, 0, 0, 60, 120, 783, 0, 0, 0, 0, 1, 8, 2, 100),
(801501138, 'Snake', 1, 90501, 0, 33156, 32822, 20, 20, 0, 0, 0, 0, 0, 60, 120, 783, 0, 0, 0, 0, 1, 8, 2, 100),
(801501139, 'Snake', 1, 90501, 0, 33109, 32674, 20, 20, 0, 0, 0, 0, 0, 60, 120, 783, 0, 0, 0, 0, 1, 8, 2, 100),
(801501140, 'Snake', 1, 90501, 0, 33066, 32680, 20, 20, 0, 0, 0, 0, 0, 60, 120, 783, 0, 0, 0, 0, 1, 8, 2, 100),
(801501141, 'Snake', 1, 90501, 0, 32995, 32743, 20, 20, 0, 0, 0, 0, 0, 60, 120, 783, 0, 0, 0, 0, 1, 8, 2, 100),
(801501142,'Jad Ske',5,90514,0,33071,32684,12,12,0,0,0,0,6,60,120,783,0,0,0,0,1,25,2,100),
(801501143,'Jad Teo',3,90517,0,33071,32684,12,12,0,0,0,0,6,60,120,783,0,0,0,0,1,15,2,100),
(801501144,'Jad Tow',3,90512,0,33071,32684,12,12,0,0,0,0,2,60,120,783,0,0,0,0,1,25,2,100),
(801501145,'Jad Ske',5,90514,0,33245,32839,12,12,0,0,0,0,6,60,120,783,0,0,0,0,1,25,2,100),
(801501146,'Jad Teo',3,90517,0,33245,32839,12,12,0,0,0,0,6,60,120,783,0,0,0,0,1,15,2,100),
(801501147,'Jad Tow',3,90512,0,33245,32839,12,12,0,0,0,0,2,60,120,783,0,0,0,0,1,25,2,100),
(801501148,'Ecu Juraka',1,90507,0,33079,32830,12,12,0,0,0,0,4,60,120,783,0,0,0,0,1,35,2,100),
(801501149,'Ecu Juraka',2,90507,0,33079,32830,12,12,0,0,0,0,2,60,120,783,0,0,0,0,1,35,2,100),
(801501150,'Ecu Bla',1,90508,0,33079,32830,12,12,0,0,0,0,2,60,120,783,0,0,0,0,1,35,2,100),
(801501151,'Ecu Bla',1,90508,0,33079,32830,12,12,0,0,0,0,6,60,120,783,0,0,0,0,1,35,2,100),
(801501152,'Ecu Ette',1,90511,0,33079,32830,12,12,0,0,0,0,4,60,120,783,0,0,0,0,1,35,2,100),
(801501153,'Jad Tow',1,90512,0,33074,32871,12,12,0,0,0,0,0,60,120,783,0,0,0,0,1,20,2,100),
(801501154,'Ecu Azte',1,90503,0,33074,32871,12,12,0,0,0,0,3,60,120,783,0,0,0,0,1,20,2,100),
(801501155,'Ecu Yuka',1,90505,0,33074,32871,12,12,0,0,0,0,2,60,120,783,0,0,0,0,1,20,2,100),
(801501156,'Ecu Juraka',2,90506,0,33074,32871,12,12,0,0,0,0,2,60,120,783,0,0,0,0,1,20,2,100),
(801501157,'Jad Tow',2,90512,0,33157,32841,12,12,0,0,0,0,0,60,120,783,0,0,0,0,1,35,2,100),
(801501158,'Ecu Azte',3,90503,0,33157,32841,12,12,0,0,0,0,3,60,120,783,0,0,0,0,1,35,2,100),
(801501159,'Ecu Yuka',2,90505,0,33157,32841,12,12,0,0,0,0,2,60,120,783,0,0,0,0,1,35,2,100),
(801501160,'Ecu Juraka',3,90506,0,33157,32841,12,12,0,0,0,0,2,60,120,783,0,0,0,0,1,35,2,100);

INSERT INTO `armor` VALUES
(21109,'Kukulcan\'s Mask','$6431','$6431','helm','wood',5000,3326,18,0,-3,4,1,1,1,1,1,1,1,0,0,0,0,0,0,0,0,0,2,0,0,0,5,0,0,0,0,0,0,0,1,0,0,0,0,0,0,0,0,0,0,0,0,0,0),
(21110,'Kukulcan\'s Shield','$6430','$6430','shield','wood',30000,3328,23,0,-3,6,1,1,0,1,0,0,0,0,0,0,0,0,0,0,0,0,0,0,0,0,0,0,2,0,0,0,0,0,1,0,0,0,0,0,0,0,0,0,0,0,5,0,0),
(21111,'Fang of Jeb Requie','$6432','$6432','amulet','bone',1000,3332,8,0,0,0,1,1,1,1,1,1,1,1,0,1,0,0,0,30,0,0,0,0,0,0,0,0,0,0,0,0,0,0,1,0,0,0,0,0,0,0,0,0,0,0,0,0,0),
(21112,'Eye of Jeb Requie','$6433','$6433','amulet','gemstone',1000,3334,8,0,0,0,1,1,1,1,1,1,1,0,1,0,1,0,0,0,10,0,0,0,0,0,0,0,0,0,0,0,0,0,1,0,0,0,0,0,0,0,0,0,0,0,0,0,0);

INSERT INTO `weapon` VALUES
(282,'Kukulcan\'s Spear','$6428','$6428','spear','iron',100000,3330,5607,0,24,20,2,6,1,1,0,0,0,0,0,5,0,0,0,2,0,0,0,0,0,0,0,0,5,0,0,0,1,0,0,1,0,0,0),
(283,'Kukulcan\'s Gauntlet','$6429','$6429','gauntlet','wood',20000,3324,2921,0,3,3,-1,6,0,0,0,0,1,1,0,0,4,0,0,1,0,0,0,30,0,0,0,0,2,0,0,0,1,0,0,1,0,0,0);

INSERT INTO `etcitem` VALUES
(49309,'Opened Greater Kukulcan Treasure','$6427','$6427','treasure_box','normal','copper',0,3316,7028,0,1,0,0,0,0,0,0,0,0,1,0,0,1,0,0,0,0,1),
(49310,'Opened Lesser Kukulcan Treasure','$6423','$6423','treasure_box','normal','copper',0,3318,7028,0,1,0,0,0,0,0,0,0,0,1,0,0,1,0,0,0,0,1),
(49325,'Locked Greater Kukulcan Treasure','$6426','$6426','material','normal','gold',0,3312,7027,0,1,0,0,0,0,0,0,0,0,1,0,0,1,0,0,0,0,1),
(49313,'Locked Lesser Kukulcan Treasure','$6422','$6422','material','normal','gold',0,3314,7027,0,1,0,0,0,0,0,0,0,0,1,0,0,1,0,0,0,0,1),
(49314,'Piece of Greater Kukulcan Treasure (Upper)','$6424: (Upper)','$6424: (Upper)','material','normal','gold',0,3320,6952,0,1,0,0,0,0,0,0,0,0,1,0,0,1,0,0,0,0,1),
(49315,'Piece of Greater Kukulcan Treasure (Lower)','$6424: (Lower)','$6424: (Lower)','material','normal','gold',0,3308,6953,0,1,0,0,0,0,0,0,0,0,1,0,0,1,0,0,0,0,1),
(49316,'Piece of Lesser Kukulcan Treasure (Upper)','$6420: (Upper)','$6420: (Upper)','material','normal','gold',0,3322,6952,0,1,0,0,0,0,0,0,0,0,1,0,0,1,0,0,0,0,1),
(49317,'Piece of Lesser Kukulcan Treasure (Lower)','$6420: (Lower)','$6420: (Lower)','material','normal','gold',0,3310,6953,0,1,0,0,0,0,0,0,0,0,1,0,0,1,0,0,0,0,1),
(50004,'Teleport Scroll: Tikal Temple','$230: Tikal Temple','$230: Tikal Temple','scroll','normal','paper',630,551,22,0,1,0,0,0,0,0,32793,32753,783,1,0,0,1,4,1500,0,0,1),
(50005,'Teleport Scroll: Kukulcan\'s Altar','$230: Kukulcan\'s Altar','$230: Kukulcan\'s Altar','scroll','normal','paper',630,551,22,0,1,0,0,0,0,0,32730,32862,784,1,0,0,1,4,1500,0,0,1),
(49324,'Kukulcan\'s Altar Key','$6435','$6435','questitem','none','iron',0,59,151,0,1,0,0,0,0,0,0,0,0,1,1,0,0,0,0,0,0,1);

INSERT INTO `droplist` VALUES
(90500,'Monkey',40056,'Meat',1,1,100000),
(90501,'Snake',40056,'Meat',1,1,100000),
(90502,'Ecu Azte (Purple)',40020,'Condensed Healing Potion',1,1,100000),
(90502,'Ecu Azte (Purple)',49101,'Fragment of Time',3,3,150000),
(90502,'Ecu Azte (Purple)',49111,'Dragon Tablet(AwakenFafurion)',1,1,10000),
(90502,'Ecu Azte (Purple)',49316,'Piece of Lesser Kukulcan Treasure (Upper)',1,1,50000),
(90503,'Ecu Azte (Red)',40020,'Condensed Healing Potion',1,1,100000),
(90503,'Ecu Azte (Red)',40306,'Relic of Eva',1,1,60000),
(90503,'Ecu Azte (Red)',49101,'Fragment of Time',3,3,50000),
(90503,'Ecu Azte (Red)',49317,'Piece of Lesser Kukulcan Treasure (Lower)',1,1,20000),
(90504,'Ecu Yuka (Blue)',40020,'Condensed Healing Potion',1,2,100000),
(90504,'Ecu Yuka (Blue)',40306,'Relic of Eva',1,1,60000),
(90504,'Ecu Yuka (Blue)',49101,'Fragment of Time',3,3,150000),
(90504,'Ecu Yuka (Blue)',49316,'Piece of Lesser Kukulcan Treasure (Upper)',1,1,50000),
(90505,'Ecu Yuka (White)',40020,'Condensed Healing Potion',1,2,100000),
(90505,'Ecu Yuka (White)',40306,'Relic of Eva',1,1,60000),
(90505,'Ecu Yuka (White)',49101,'Fragment of Time',3,3,50000),
(90505,'Ecu Yuka (White)',49317,'Piece of Lesser Kukulcan Treasure (Lower)',1,1,20000),
(90506,'Ecu Juraka (Blue)',40020,'Condensed Healing Potion',1,2,100000),
(90506,'Ecu Juraka (Blue)',40306,'Relic of Eva',1,1,40000),
(90506,'Ecu Juraka (Blue)',49101,'Fragment of Time',3,3,150000),
(90506,'Ecu Juraka (Blue)',49106,'Dragon Tablet(AwakenAntharas)',1,1,10000),
(90506,'Ecu Juraka (Blue)',49316,'Piece of Lesser Kukulcan Treasure (Upper)',1,1,50000),
(90507,'Ecu Juraka (Green)',40020,'Condensed Healing Potion',1,2,100000),
(90507,'Ecu Juraka (Green)',40306,'Relic of Eva',1,1,40000),
(90507,'Ecu Juraka (Green)',49101,'Fragment of Time',3,3,50000),
(90507,'Ecu Juraka (Green)',49106,'Dragon Tablet(AwakenAntharas)',1,1,5000),
(90507,'Ecu Juraka (Green)',49317,'Piece of Lesser Kukulcan Treasure (Lower)',1,1,20000),
(90508,'Ecu Bla (Green)',40020,'Condensed Healing Potion',1,3,150000),
(90508,'Ecu Bla (Green)',40306,'Relic of Eva',1,2,50000),
(90508,'Ecu Bla (Green)',49101,'Fragment of Time',3,3,150000),
(90508,'Ecu Bla (Green)',49316,'Piece of Lesser Kukulcan Treasure (Upper)',1,1,50000),
(90509,'Ecu Bla (Yellow)',40020,'Condensed Healing Potion',1,3,150000),
(90509,'Ecu Bla (Yellow)',40306,'Relic of Eva',1,2,50000),
(90509,'Ecu Bla (Yellow)',49101,'Fragment of Time',3,3,50000),
(90509,'Ecu Bla (Yellow)',49317,'Piece of Lesser Kukulcan Treasure (Lower)',1,1,20000),
(90510,'Ecu Ette (Branches)',40020,'Condensed Healing Potion',1,3,180000),
(90510,'Ecu Ette (Branches)',40306,'Relic of Eva',1,2,60000),
(90510,'Ecu Ette (Branches)',49101,'Fragment of Time',3,3,150000),
(90510,'Ecu Ette (Branches)',49110,'Dragon Tablet(ShockSkin)',1,1,10000),
(90510,'Ecu Ette (Branches)',49316,'Piece of Lesser Kukulcan Treasure (Upper)',1,1,50000),
(90511,'Ecu Ette (Leaves)',40020,'Condensed Healing Potion',1,3,180000),
(90511,'Ecu Ette (Leaves)',40306,'Relic of Eva',1,2,600000),
(90511,'Ecu Ette (Leaves)',49101,'Fragment of Time',3,3,50000),
(90511,'Ecu Ette (Leaves)',49110,'Dragon Tablet(ShockSkin)',1,1,5000),
(90511,'Ecu Ette (Leaves)',49317,'Piece of Lesser Kukulcan Treasure (Lower)',1,1,20000),
(90512,'Jad Tow (Blue)',40021,'Condensed Greater Healing Potion',1,3,100000),
(90512,'Jad Tow (Blue)',40306,'Relic of Eva',1,2,80000),
(90512,'Jad Tow (Blue)',49101,'Fragment of Time',3,3,150000),
(90512,'Jad Tow (Blue)',49314,'Piece of Greater Kukulcan Treasure (Upper)',1,1,50000),
(90512,'Jad Tow (Blue)',50006,'Kukulcan\'s Altar Key',1,1,20000),
(90513,'Jad Tow (Red)',40021,'Condensed Greater Healing Potion',1,3,100000),
(90513,'Jad Tow (Red)',40306,'Relic of Eva',1,2,80000),
(90513,'Jad Tow (Red)',49101,'Fragment of Time',3,3,50000),
(90513,'Jad Tow (Red)',49315,'Piece of Greater Kukulcan Treasure (Lower)',1,1,10000),
(90513,'Jad Tow (Red)',50006,'Kukulcan\'s Altar Key',1,1,20000),
(90514,'Jad Ske (Purple)',40021,'Condensed Greater Healing Potion',1,1,120000),
(90514,'Jad Ske (Purple)',40306,'Relic of Eva',1,2,80000),
(90514,'Jad Ske (Purple)',49101,'Fragment of Time',3,3,150000),
(90514,'Jad Ske (Purple)',49314,'Piece of Greater Kukulcan Treasure (Upper)',1,1,50000),
(90514,'Jad Ske (Purple)',50006,'Kukulcan\'s Altar Key',1,1,20000),
(90515,'Jad Ske (Red)',40021,'Condensed Greater Healing Potion',1,3,120000),
(90515,'Jad Ske (Red)',40306,'Relic of Eva',1,2,80000),
(90515,'Jad Ske (Red)',49101,'Fragment of Time',3,3,50000),
(90515,'Jad Ske (Red)',49315,'Piece of Greater Kukulcan Treasure (Lower)',1,1,10000),
(90515,'Jad Ske (Red)',50006,'Kukulcan\'s Altar Key',1,1,20000),
(90516,'Jad Teo (Blue)',40021,'Condensed Greater Healing Potion',1,1,120000),
(90516,'Jad Teo (Blue)',40306,'Relic of Eva',1,2,80000),
(90516,'Jad Teo (Blue)',49101,'Fragment of Time',3,3,150000),
(90516,'Jad Teo (Blue)',49113,'Dragon Tablet(ThunderGrab)',1,1,10000),
(90516,'Jad Teo (Blue)',49314,'Piece of Greater Kukulcan Treasure (Upper)',1,1,50000),
(90516,'Jad Teo (Blue)',50006,'Kukulcan\'s Altar Key',1,1,20000),
(90517,'Jad Teo (Yellow)',40021,'Condensed Greater Healing Potion',1,3,120000),
(90517,'Jad Teo (Yellow)',40306,'Relic of Eva',1,2,80000),
(90517,'Jad Teo (Yellow)',49101,'Fragment of Time',3,3,50000),
(90517,'Jad Teo (Yellow)',49113,'Dragon Tablet(ThunderGrab)',1,1,5000),
(90517,'Jad Teo (Yellow)',49315,'Piece of Greater Kukulcan Treasure (Lower)',1,1,10000),
(90517,'Jad Teo (Yellow)',50006,'Kukulcan\'s Altar Key',1,1,20000),
(90518,'Jeb Requie (Male)',282,'Kukulcan\'s Spear',1,1,10000),
(90518,'Jeb Requie (Male)',20254,'Amulet of Charisma',1,1,80000),
(90518,'Jeb Requie (Male)',20256,'Amulet of Dexterity',1,1,80000),
(90518,'Jeb Requie (Male)',20264,'Amulet of Strength',1,1,80000),
(90518,'Jeb Requie (Male)',20266,'Amulet of Intelligence',1,1,80000),
(90518,'Jeb Requie (Male)',20267,'Amulet of Wisdom',1,1,80000),
(90518,'Jeb Requie (Male)',20268,'Amulet of Constitution',1,1,80000),
(90518,'Jeb Requie (Male)',20280,'Ring of Immunity to Magic',1,1,100000),
(90518,'Jeb Requie (Male)',20281,'Ring of Polymorph Control',1,1,50000),
(90518,'Jeb Requie (Male)',20284,'Ring of Summon Control',1,1,50000),
(90518,'Jeb Requie (Male)',20288,'Ring of Teleport Control',1,1,50000),
(90518,'Jeb Requie (Male)',20303,'Ring of Magic Resistance',1,1,250000),
(90518,'Jeb Requie (Male)',21111,'Fang of Jeb Requie',1,1,30000),
(90518,'Jeb Requie (Male)',21112,'Eye of Jeb Requie',1,1,30000),
(90518,'Jeb Requie (Male)',40024,'Ancient Greater Healing Potion',1,5,300000),
(90518,'Jeb Requie (Male)',40074,'Scroll of Enchant Armor',1,1,200000),
(90518,'Jeb Requie (Male)',40087,'Scroll of Enchant Weapon',1,5,200000),
(90518,'Jeb Requie (Male)',49092,'Cracked Nucleus',1,1,100000),
(90518,'Jeb Requie (Male)',49325,'Locked Greater Kukulcan Treasure',1,1,100000),
(90518,'Jeb Requie (Male)',140074,'Scroll of Enchant Armor',1,1,80000),
(90518,'Jeb Requie (Male)',140087,'Scroll of Enchant Weapon',1,3,80000),
(90518,'Jeb Requie (Male)',140100,'Scroll of Teleportation',1,3,250000),
(90519,'Jeb Requie (Female)',283,'Kukulcan\'s Gauntlet',1,1,10000),
(90519,'Jeb Requie (Female)',20254,'Amulet of Charisma',1,1,80000),
(90519,'Jeb Requie (Female)',20256,'Amulet of Dexterity',1,1,80000),
(90519,'Jeb Requie (Female)',20264,'Amulet of Strength',1,1,80000),
(90519,'Jeb Requie (Female)',20266,'Amulet of Intelligence',1,1,80000),
(90519,'Jeb Requie (Female)',20267,'Amulet of Wisdom',1,1,80000),
(90519,'Jeb Requie (Female)',20268,'Amulet of Constitution',1,1,80000),
(90519,'Jeb Requie (Female)',20280,'Ring of Immunity to Magic',1,1,100000),
(90519,'Jeb Requie (Female)',20281,'Ring of Polymorph Control',1,1,50000),
(90519,'Jeb Requie (Female)',20284,'Ring of Summon Control',1,1,50000),
(90519,'Jeb Requie (Female)',20288,'Ring of Teleport Control',1,1,50000),
(90519,'Jeb Requie (Female)',20303,'Ring of Magic Resistance',1,1,250000),
(90519,'Jeb Requie (Female)',21111,'Fang of Jeb Requie',1,1,30000),
(90519,'Jeb Requie (Female)',21112,'Eye of Jeb Requie',1,1,30000),
(90519,'Jeb Requie (Female)',40024,'Ancient Greater Healing Potion',1,5,30000),
(90519,'Jeb Requie (Female)',40074,'Scroll of Enchant Armor',1,1,200000),
(90519,'Jeb Requie (Female)',40087,'Scroll of Enchant Weapon',1,5,20000),
(90519,'Jeb Requie (Female)',49092,'Cracked Nucleus',1,1,100000),
(90519,'Jeb Requie (Female)',49325,'Locked Greater Kukulcan Treasure',1,1,100000),
(90519,'Jeb Requie (Female)',140074,'Scroll of Enchant Armor',1,1,80000),
(90519,'Jeb Requie (Female)',140087,'Scroll of Enchant Weapon',1,3,80000),
(90519,'Jeb Requie (Female)',140100,'Scroll of Teleportation',1,3,25000);

ALTER TABLE `spr_action` ADD `npc` VARCHAR(60) DEFAULT NULL after framerate, ADD `action` VARCHAR(60) DEFAULT NULL after framerate;

INSERT INTO `spr_action` VALUES
(7078,0,16,24,'Ecu Azte (Red)',''),
(7078,1,21,24,'Ecu Azte (Red)',''),
(7078,18,36,24,'Ecu Azte (Red)',''),
(7081,0,16,24,'Ecu Azte (Purple)',''),
(7081,1,21,24,'Ecu Azte (Purple)',''),
(7081,18,36,24,'Ecu Azte (Purple)',''),
(7083,0,54,24,'',''),
(7089,0,8,24,'',''),
(7089,4,8,24,'',''),
(7089,11,8,24,'',''),
(7089,17,36,24,'',''),
(7089,18,36,24,'',''),
(7089,19,36,24,'',''),
(7089,20,8,24,'',''),
(7089,24,8,24,'',''),
(7089,40,8,24,'',''),
(7089,46,8,24,'',''),
(7089,50,8,24,'',''),
(7089,54,8,24,'',''),
(7089,58,8,24,'',''),
(7089,62,8,24,'',''),
(7091,0,12,24,'Ecu Yuka (White)',''),
(7091,1,28,24,'Ecu Yuka (White)',''),
(7093,0,6,24,'',''),
(7095,0,12,24,'',''),
(7097,0,12,24,'Ecu Yuka (Blue)',''),
(7097,1,28,24,'Ecu Yuka (Blue)',''),
(7098,0,24,24,'Ecu Juraka (Blue)',''),
(7098,1,30,24,'Ecu Juraka (Blue)',''),
(7098,30,23,24,'Ecu Juraka (Blue)',''),
(7099,0,24,24,'Ecu Juraka (Green)',''),
(7099,1,30,24,'Ecu Juraka (Green)',''),
(7099,30,23,24,'Ecu Juraka (Green)',''),
(7101,0,30,24,'',''),
(7102,0,30,24,'',''),
(7103,0,30,24,'',''),
(7104,0,30,24,'',''),
(7105,0,30,24,'',''),
(7106,0,30,24,'',''),
(7107,0,30,24,'',''),
(7108,0,30,24,'',''),
(7109,0,30,24,'',''),
(7110,0,30,24,'',''),
(7111,0,21,24,'Ecu Bla (Green)',''),
(7111,1,31,24,'Ecu Bla (Green)',''),
(7111,18,29,24,'Ecu Bla (Green)',''),
(7111,30,56,24,'Ecu Bla (Green)',''),
(7113,0,21,24,'Ecu Bla (Yellow)',''),
(7113,1,31,24,'Ecu Bla (Yellow)',''),
(7113,18,29,24,'Ecu Bla (Yellow)',''),
(7113,30,56,24,'Ecu Bla (Yellow)',''),
(7116,0,6,24,'',''),
(7117,0,19,24,'',''),
(7118,0,20,24,'Orc Axeman',''),
(7118,1,33,24,'Orc Axeman',''),
(7118,19,36,24,'Orc Axeman',''),
(7118,18,36,24,'Orc Axeman',''),
(7118,17,30,24,'Orc Axeman',''),
(7120,0,36,24,'',''),
(7121,0,33,24,'',''),
(7122,0,27,24,'',''),
(7123,0,29,24,'',''),
(7124,0,28,24,'',''),
(7125,0,20,24,'',''),
(7126,0,16,24,'',''),
(7126,1,23,24,'',''),
(7126,18,28,24,'',''),
(7126,19,30,24,'',''),
(7126,4,16,24,'',''),
(7126,5,22,24,'',''),
(7126,11,16,24,'',''),
(7126,12,24,24,'',''),
(7126,24,16,24,'',''),
(7126,25,21,24,'',''),
(7126,40,16,24,'',''),
(7126,41,24,24,'',''),
(7126,46,16,24,'',''),
(7126,47,21,24,'',''),
(7126,50,16,24,'',''),
(7126,51,23,24,'',''),
(7126,54,16,24,'',''),
(7126,55,26,24,'',''),
(7126,58,16,24,'',''),
(7126,59,20,24,'',''),
(7127,0,16,24,'',''),
(7127,1,23,24,'',''),
(7127,18,28,24,'',''),
(7127,19,30,24,'',''),
(7127,4,16,24,'',''),
(7127,5,22,24,'',''),
(7127,11,16,24,'',''),
(7127,12,24,24,'',''),
(7127,24,16,24,'',''),
(7127,25,21,24,'',''),
(7127,40,16,24,'',''),
(7127,41,24,24,'',''),
(7127,46,16,24,'',''),
(7127,47,21,24,'',''),
(7127,50,16,24,'',''),
(7127,51,23,24,'',''),
(7127,54,16,24,'',''),
(7127,55,26,24,'',''),
(7127,58,16,24,'',''),
(7127,59,20,24,'',''),
(7128,0,16,24,'',''),
(7128,1,23,24,'',''),
(7128,18,25,24,'',''),
(7128,19,29,24,'',''),
(7128,4,16,24,'',''),
(7128,5,22,24,'',''),
(7128,11,16,24,'',''),
(7128,12,24,24,'',''),
(7128,24,16,24,'',''),
(7128,25,21,24,'',''),
(7128,40,16,24,'',''),
(7128,41,24,24,'',''),
(7128,46,16,24,'',''),
(7128,47,21,24,'',''),
(7128,50,16,24,'',''),
(7128,51,23,24,'',''),
(7128,54,16,24,'',''),
(7128,55,26,24,'',''),
(7128,58,16,24,'',''),
(7128,59,20,24,'',''),
(7129,0,16,24,'',''),
(7129,1,24,24,'',''),
(7129,18,25,24,'',''),
(7129,19,29,24,'',''),
(7129,4,16,24,'',''),
(7129,5,22,24,'',''),
(7129,11,16,24,'',''),
(7129,12,24,24,'',''),
(7129,24,16,24,'',''),
(7129,25,21,24,'',''),
(7129,40,16,24,'',''),
(7129,41,24,24,'',''),
(7129,46,16,24,'',''),
(7129,47,21,24,'',''),
(7129,50,16,24,'',''),
(7129,51,23,24,'',''),
(7129,54,16,24,'',''),
(7129,55,26,24,'',''),
(7129,58,16,24,'',''),
(7129,59,20,24,'',''),
(7138,0,4,24,'',''),
(7141,0,16,24,'',''),
(7141,1,20,24,'',''),
(7141,17,23,24,'',''),
(7141,18,21,24,'',''),
(7141,19,23,24,'',''),
(7141,11,18,24,'',''),
(7141,12,18,24,'',''),
(7141,20,16,24,'',''),
(7141,21,24,24,'',''),
(7141,40,17,24,'',''),
(7141,41,19,24,'',''),
(7141,55,19,24,'',''),
(7141,58,17,24,'',''),
(7141,59,20,24,'',''),
(7141,66,48,24,'',''),
(7141,67,48,24,'',''),
(7142,0,16,24,'',''),
(7142,1,20,24,'',''),
(7142,17,28,24,'',''),
(7142,18,21,24,'',''),
(7142,19,23,24,'',''),
(7142,11,18,24,'',''),
(7142,12,18,24,'',''),
(7142,20,16,24,'',''),
(7142,21,24,24,'',''),
(7142,40,17,24,'',''),
(7142,41,19,24,'',''),
(7142,55,19,24,'',''),
(7142,58,17,24,'',''),
(7142,59,20,24,'',''),
(7142,66,64,24,'',''),
(7142,67,48,24,'',''),
(7145,0,16,24,'',''),
(7145,1,20,24,'',''),
(7145,17,23,24,'',''),
(7145,18,21,24,'',''),
(7145,19,23,24,'',''),
(7145,11,16,24,'',''),
(7145,12,17,24,'',''),
(7145,20,16,24,'',''),
(7145,21,24,24,'',''),
(7145,40,16,24,'',''),
(7145,41,19,24,'',''),
(7145,55,19,24,'',''),
(7145,58,16,24,'',''),
(7145,59,19,24,'',''),
(7145,66,48,24,'',''),
(7145,67,48,24,'',''),
(7146,0,16,24,'',''),
(7146,1,20,24,'',''),
(7146,17,28,24,'',''),
(7146,18,21,24,'',''),
(7146,19,23,24,'',''),
(7146,11,16,24,'',''),
(7146,12,17,24,'',''),
(7146,20,16,24,'',''),
(7146,21,24,24,'',''),
(7146,40,16,24,'',''),
(7146,41,19,24,'',''),
(7146,55,19,24,'',''),
(7146,58,16,24,'',''),
(7146,59,19,24,'',''),
(7146,66,64,24,'',''),
(7146,67,48,24,'',''),
(7149,0,16,24,'',''),
(7149,1,20,24,'',''),
(7149,17,23,24,'',''),
(7149,18,19,24,'',''),
(7149,19,22,24,'',''),
(7149,11,16,24,'',''),
(7149,12,17,24,'',''),
(7149,20,16,24,'',''),
(7149,21,20,24,'',''),
(7149,40,16,24,'',''),
(7149,41,15,24,'',''),
(7149,55,15,24,'',''),
(7149,58,16,24,'',''),
(7149,59,15,24,'',''),
(7149,66,48,24,'',''),
(7149,67,48,24,'',''),
(7150,0,16,24,'',''),
(7150,1,20,24,'',''),
(7150,17,28,24,'',''),
(7150,18,19,24,'',''),
(7150,19,22,24,'',''),
(7150,11,16,24,'',''),
(7150,12,17,24,'',''),
(7150,20,16,24,'',''),
(7150,21,20,24,'',''),
(7150,40,16,24,'',''),
(7150,41,15,24,'',''),
(7150,55,15,24,'',''),
(7150,58,16,24,'',''),
(7150,59,15,24,'',''),
(7150,66,64,24,'',''),
(7150,67,48,24,'',''),
(7153,0,16,24,'',''),
(7153,1,20,24,'',''),
(7153,17,23,24,'',''),
(7153,18,17,24,'',''),
(7153,19,21,24,'',''),
(7153,11,16,24,'',''),
(7153,12,16,24,'',''),
(7153,20,16,24,'',''),
(7153,21,19,24,'',''),
(7153,40,16,24,'',''),
(7153,41,14,24,'',''),
(7153,55,14,24,'',''),
(7153,58,16,24,'',''),
(7153,59,14,24,'',''),
(7153,66,48,24,'',''),
(7153,67,48,24,'',''),
(7154,0,16,24,'',''),
(7154,1,20,24,'',''),
(7154,17,28,24,'',''),
(7154,18,17,24,'',''),
(7154,19,21,24,'',''),
(7154,11,16,24,'',''),
(7154,12,16,24,'',''),
(7154,20,16,24,'',''),
(7154,21,19,24,'',''),
(7154,40,16,24,'',''),
(7154,41,14,24,'',''),
(7154,55,14,24,'',''),
(7154,58,16,24,'',''),
(7154,59,14,24,'',''),
(7154,66,64,24,'',''),
(7154,67,48,24,'',''),
(7157,0,16,24,'',''),
(7157,1,20,24,'',''),
(7157,17,23,24,'',''),
(7157,18,17,24,'',''),
(7157,19,20,24,'',''),
(7157,11,16,24,'',''),
(7157,12,16,24,'',''),
(7157,20,16,24,'',''),
(7157,21,19,24,'',''),
(7157,40,16,24,'',''),
(7157,41,14,24,'',''),
(7157,55,14,24,'',''),
(7157,58,16,24,'',''),
(7157,59,14,24,'',''),
(7157,66,48,24,'',''),
(7157,67,48,24,'',''),
(7158,0,16,24,'',''),
(7158,1,20,24,'',''),
(7158,17,28,24,'',''),
(7158,18,17,24,'',''),
(7158,19,20,24,'',''),
(7158,11,16,24,'',''),
(7158,12,16,24,'',''),
(7158,20,16,24,'',''),
(7158,21,19,24,'',''),
(7158,40,16,24,'',''),
(7158,41,14,24,'',''),
(7158,55,14,24,'',''),
(7158,58,16,24,'',''),
(7158,59,14,24,'',''),
(7158,66,64,24,'',''),
(7158,67,48,24,'',''),
(7161,0,16,24,'',''),
(7161,1,20,24,'',''),
(7161,17,23,24,'',''),
(7161,18,16,24,'',''),
(7161,19,20,24,'',''),
(7161,11,16,24,'',''),
(7161,12,16,24,'',''),
(7161,20,16,24,'',''),
(7161,21,19,24,'',''),
(7161,40,16,24,'',''),
(7161,41,14,24,'',''),
(7161,55,14,24,'',''),
(7161,58,16,24,'',''),
(7161,59,14,24,'',''),
(7161,66,48,24,'',''),
(7161,67,48,24,'',''),
(7162,0,16,24,'',''),
(7162,1,20,24,'',''),
(7162,17,28,24,'',''),
(7162,18,16,24,'',''),
(7162,19,20,24,'',''),
(7162,11,16,24,'',''),
(7162,12,16,24,'',''),
(7162,20,16,24,'',''),
(7162,21,19,24,'',''),
(7162,40,16,24,'',''),
(7162,41,14,24,'',''),
(7162,55,14,24,'',''),
(7162,58,16,24,'',''),
(7162,59,14,24,'',''),
(7162,66,64,24,'',''),
(7162,67,48,24,'',''),
(7165,0,16,24,'',''),
(7165,1,20,24,'',''),
(7165,17,23,24,'',''),
(7165,18,16,24,'',''),
(7165,19,18,24,'',''),
(7165,11,16,24,'',''),
(7165,12,16,24,'',''),
(7165,20,16,24,'',''),
(7165,21,19,24,'',''),
(7165,40,16,24,'',''),
(7165,41,14,24,'',''),
(7165,55,14,24,'',''),
(7165,58,16,24,'',''),
(7165,59,14,24,'',''),
(7165,66,48,24,'',''),
(7165,67,48,24,'',''),
(7166,0,16,24,'',''),
(7166,1,20,24,'',''),
(7166,17,28,24,'',''),
(7166,18,16,24,'',''),
(7166,19,18,24,'',''),
(7166,11,16,24,'',''),
(7166,12,16,24,'',''),
(7166,20,16,24,'',''),
(7166,21,19,24,'',''),
(7166,40,16,24,'',''),
(7166,41,14,24,'',''),
(7166,55,14,24,'',''),
(7166,58,16,24,'',''),
(7166,59,14,24,'',''),
(7166,66,64,24,'',''),
(7166,67,48,24,'',''),
(7167,0,24,24,'Ecu Ette (Leaves)',''),
(7167,1,35,24,'Ecu Ette (Leaves)',''),
(7167,18,34,24,'Ecu Ette (Leaves)',''),
(7167,30,45,24,'Ecu Ette (Leaves)',''),
(7170,0,24,24,'Ecu Ette (Branches)',''),
(7170,1,35,24,'Ecu Ette (Branches)',''),
(7170,18,34,24,'Ecu Ette (Branches)',''),
(7170,30,45,24,'Ecu Ette (Branches)',''),
(7173,0,12,24,'Jad Tow (Blue)',''),
(7173,1,21,24,'Jad Tow (Blue)',''),
(7173,30,32,24,'Jad Tow (Blue)',''),
(7176,0,12,24,'Jad Tow (Red)',''),
(7176,1,21,24,'Jad Tow (Red)',''),
(7176,30,32,24,'Jad Tow (Red)',''),
(7177,0,42,24,'',''),
(7179,0,23,24,'',''),
(7181,0,0,24,'',''),
(7182,0,0,24,'',''),
(7183,0,0,24,'',''),
(7184,0,32,24,'Jad Ske (Red)',''),
(7184,1,52,24,'Jad Ske (Red)',''),
(7184,30,35,24,'Jad Ske (Red)',''),
(7186,0,32,24,'Jad Ske (Purple)',''),
(7186,1,52,24,'Jad Ske (Purple)',''),
(7186,30,35,24,'Jad Ske (Purple)',''),
(7189,0,34,24,'',''),
(7191,0,6,24,'',''),
(7192,0,22,24,'',''),
(7193,0,16,24,'Jad Teo (Yellow)',''),
(7193,1,32,24,'Jad Teo (Yellow)',''),
(7193,18,38,24,'Jad Teo (Yellow)',''),
(7196,0,16,24,'Jad Teo (Blue)',''),
(7196,1,32,24,'Jad Teo (Blue)',''),
(7196,18,38,24,'Jad Teo (Blue)',''),
(7197,0,40,24,'Snake',''),
(7219,0,42,24,'',''),
(7220,0,8,24,'Monkey',''),
(7222,0,23,24,'',''),
(7224,0,23,24,'',''),
(7226,0,20,36,'',''),
(7227,0,20,36,'',''),
(7234,1,49,24,'Jeb Requie (Male)',''),
(7234,30,50,24,'Jeb Requie (Male)',''),
(7234,11,95,24,'Jeb Requie (Male)',''),
(7234,19,60,24,'Jeb Requie (Male)',''),
(7236,1,52,24,'Jeb Requie (Female)',''),
(7236,18,48,24,'Jeb Requie (Female)',''),
(7236,30,66,24,'Jeb Requie (Female)',''),
(7236,11,115,24,'Jeb Requie (Female)',''),
(7236,19,73,24,'Jeb Requie (Female)',''),
(7244,0,80,24,'',''),
(7245,0,30,24,'',''),
(7246,0,30,24,'',''),
(7247,0,30,24,'',''),
(7248,0,30,24,'',''),
(7249,0,30,24,'',''),
(7250,0,30,24,'',''),
(7251,0,30,24,'',''),
(7252,0,30,24,'',''),
(7253,0,30,24,'',''),
(7254,0,30,24,'',''),
(7255,0,30,24,'',''),
(7256,0,30,24,'',''),
(7257,0,12,24,'',''),
(7257,66,78,24,'',''),
(7257,67,107,24,'',''),
(7260,0,12,24,'',''),
(7260,1,28,24,'Monkey',''),
(7260,30,28,24,'Monkey',''),
(7263,0,0,24,'Kukulcan\'s Altar Gakekeeper','');

INSERT INTO `skills` VALUES
(20080,'Ecu Yuka Needle',0,0,0,0,0,0,0,0,'attack',3,30,15,3,20,15,2,64,0,7,1,0,0,'',1,7093,0,0,0,0,'',1),
(20082,'Ecu Ette Light Attack',0,0,10,0,0,0,0,0,'attack',3,20,15,3,15,10,2,64,0,8,1,0,0,'',18,7191,0,0,0,0,'',1),
(20083,'Jad Teo Lightning',0,0,15,0,0,0,0,0,'attack',3,50,30,3,50,20,0,64,0,6,3,0,0,'',18,2510,0,0,0,0,'',1),
(20085,'Jad Ske Earthquake with stun',0,0,40,0,0,0,4000,0,'none',3,50,30,3,20,20,1,64,0,4,3,0,0,'',30,7189,0,0,0,0,'',1),
(20086,'Ecu Azte Disease',0,0,10,0,0,0,0,64,'buff',3,0,0,0,20,20,0,4,0,3,0,0,128,'$1987',18,2230,0,0,0,280,'L1Disease', 1),
(20087,'Ecu Ette Poison',0,0,40,0,0,0,0,64,'buff',3,0,0,0,20,20,0,4,0,2,0,0,0,'',18,18,0,0,0,0,'',1),
(20088,'Ecu Ette Stun',0,0,0,0,0,0,0,0,'attack',3,50,15,10,20,8,0,64,0,1,0,0,0,'',30,7167,0,0,0,0,'',1),
(20089,'Ecu Bla Poison Dust',0,0,15,0,0,0,0,0,'buff',3,0,0,0,20,5,0,4,0,2,0,0,0,'',30,3368,0,0,0,0,'',1),
(20090,'Bleed',0,0,15,0,0,0,0,0,'buff',3,0,0,0,20,5,0,4,0,2,0,0,0,'',30,0,0,0,0,0,'',1),
(14014,'Jeb Requie (Left) - Ice Spray',0,0,5,0,0,0,0,0,'none',3,75,5,3,0,0,4,64,0,4,3,0,0,'',1,7290,0,0,0,0,NULL,1),
(14015,'Jeb Requie (Left) - Shock Blow',0,0,15,0,0,0,0,0,'none',3,130,5,3,0,0,4,64,0,15,17,0,0,'',19,7282,0,0,0,0,NULL,1),
(14016,'Jeb Requie (Left) - Venom Bomb',0,0,15,0,0,0,0,0,'none',3,200,5,3,20,5,0,4,0,15,17,0,0,'',30,7283,0,0,0,0,NULL,1),
(14017,'Jeb Requie (Left) - Corrosion Spit',0,0,5,0,0,0,0,0,'none',3,200,5,3,0,0,4,64,0,6,6,0,0,'',18,7272,0,0,0,0,NULL,1),
(14018,'Jeb Requie (Right) - Ice Spray',0,0,5,0,0,0,0,0,'none',3,75,5,3,0,0,4,64,0,4,3,0,0,'',30,7290,0,0,0,0,NULL,1),
(14019,'Jeb Requie (Right) - Sandstorm',0,0,15,0,0,0,0,0,'none',3,130,5,3,0,0,4,64,0,15,17,0,0,'',19,7293,0,0,0,0,NULL,1);

INSERT INTO `mobskill` VALUES
(90502,0,'Ecu Azte (purple)','',2,30,0,0,0,0,0,2,0,0,5,20086,0,18,0,0,0,0),
(90503,0,'Ecu Azte (orange)','',2,30,0,0,0,0,0,2,0,0,5,20086,0,18,0,0,0,0),
(90504,0,'Ecu Yuka (blue)','',1,30,0,0,0,0,0,7,0,0,20,0,0,66,0,0,0,0),
(90504,1,'Ecu Yuka (blue)','',2,30,0,0,-7,0,0,7,0,0,5,20080,0,30,0,0,0,0),
(90505,0,'Ecu Yuka (white)','',1,30,0,0,0,0,0,7,0,0,20,0,0,66,0,0,0,0),
(90505,1,'Ecu Yuka (white)','',2,30,0,0,-7,0,0,7,0,0,5,20080,0,30,0,0,0,0),
(90506,0,'Ecu Juraka (blue)','',1,30,0,0,0,0,0,2,0,0,20,20090,0,30,0,0,0,0),
(90507,0,'Ecu Juraka (green)','',1,30,0,0,0,0,0,2,0,0,20,20090,0,30,0,0,0,0),
(90508,0,'Ecu Bla (green)','Poison',2,30,0,0,0,0,0,15,0,0,30,20089,0,30,0,0,0,0),
(90509,0,'Ecu Bla (yellow)','Poison',2,30,0,0,0,0,0,15,0,0,30,20089,0,30,0,0,0,0),
(90510,0,'Ecu Ette (branches)','',2,15,0,0,0,0,0,2,0,0,20,20087,0,18,0,0,0,0),
(90510,1,'Ecu Ette (branches)','',1,30,0,0,0,0,0,2,0,0,10,20088,0,30,0,0,0,0),
(90511,0,'Ecu Ette (leaves)','',2,15,0,0,0,0,0,2,0,0,20,20087,0,18,0,0,0,0),
(90511,1,'Ecu Ette (leaves)','',1,30,0,0,0,0,0,2,0,0,10,20088,0,30,0,0,0,0),
(90512,0,'Jad Tow (blue)','',1,30,0,0,0,0,0,1,0,0,20,20090,0,30,0,0,0,0),
(90513,0,'Jad Tow (red)','',1,30,0,0,0,0,0,1,0,0,20,20090,0,30,0,0,0,0),
(90514,0,'Jad Ske (purple)','',2,30,0,0,0,0,0,4,0,0,20,20085,0,30,0,0,0,0),
(90516,0,'Jad Teo (blue)','',2,30,0,0,0,0,0,2,0,0,5,20083,0,18,0,0,0,0),
(90517,0,'Jad Teo (yellow)','',2,30,0,0,0,0,0,2,0,0,5,20083,0,18,0,0,0,0),
(90518,0,'Jeb Requie (Right)','Jeb Requie (Right) - Physical Attack',1,10,0,0,-2,0,0,2,0,0,90,0,0,1,0,0,0,0),
(90518,1,'Jeb Requie (Right)','Jeb Requie (Right) - Sandstorm',2,10,0,0,-15,0,0,0,0,0,30,14012,0,0,0,0,0,0),
(90518,2,'Jeb Requie (Right)','Jeb Requie (Right) - Pole Mine',2,30,0,0,-15,0,0,0,0,0,30,14013,0,0,0,0,0,0),
(90518,3,'Jeb Requie (Right)','Jeb Requie (Right)- Ice Spit',2,20,0,0,-3,0,0,0,0,0,30,14014,0,0,0,0,0,0),
(90518,4,'Jeb Requie (Right)','Jeb Requie (Right) - Poison Spray',2,20,0,0,-3,0,0,0,0,0,30,15005,0,0,0,0,0,0),
(90519,0,'Jeb Requie (Left)','Jeb Requie (Left) - Physical Attack',1,40,0,0,-3,0,0,0,0,0,90,0,0,1,0,0,0,0),
(90519,1,'Jeb Requie (Left)','Jeb Requie (Left) - Posion Spray',2,20,0,0,-6,0,0,6,3,3,30,15000,0,0,0,0,0,0),
(90519,2,'Jeb Requie (Left)','Jeb Requie (Left) - Shock Blow',2,10,0,0,-15,0,0,0,0,0,30,14015,0,0,0,0,0,0),
(90519,3,'Jeb Requie (Left)','Jeb Requie (Left) - Corrosion Spit',2,5,0,0,-10,0,0,0,0,0,30,14016,0,0,0,0,0,0);


-- fids
-- dagger
UPDATE `weapon` SET `dmgmodifier` = 10, `hitmodifier` = 10, `canbedmg` = 0, `add_hp` = 100, `use_knight` = 0, `use_mage` = 0, `use_darkelf` = 0 WHERE `item_id` = 12;

-- Edo
UPDATE `weapon` SET `dmg_small` = 27, `dmg_large` = 18, `hitmodifier` = 10, `dmgmodifier` = 18, `add_dex` = 2, `add_wis` = 2 WHERE `item_id` = 86;

-- Claw
UPDATE `weapon` SET `hitmodifier` = 8, `add_dex` = 2 WHERE `item_id` = 160;

-- Staff
UPDATE `weapon` SET `hitmodifier` = 8, `add_int` = 2, `add_wis` = 0, `add_sp` = 8, `add_mp` = 50, `add_mpr` = 10, `type` = 'staff' WHERE `item_id` = 134;
INSERT INTO `weapon_skill` VALUES(134, 'Crystalized Staff', 10, 30, 15, 0, 65, 0, 3924, 0, 0, 8);

-- Bow
INSERT INTO `weapon` VALUES(284, 'Demon King Bow', 'Demon King Bow', 'Demon King Bow', 'bow', 'blackmithril', 30000, 3146, 7023, 0, 5, 5, -1, 6, 0, 0, 0, 1, 0, 0, 0, 10, 15, 0, 0, 3, 0, 0, 0, 0, 0, 0, 0, 0, 0, 0, 0, 0, 0, 0, 0, 1, 0, 0, 0);
INSERT INTO `weapon_skill` VALUES(284, 'Demon King Bow', 10, 40, 40, 0, 0, 0, 1809, 0, 1, 4);

-- Chainsword
INSERT INTO `weapon` VALUES(285, 'Fidelity Chain Sword', 'Fidelity Chain Sword', 'Fidelity Chain Sword', 'chainsword', 'blackmithril', 110000, 3022, 6962, 0, 25, 20, 2, 0, 0, 0, 0, 0, 0, 1, 0, 10, 15, 2, 0, 0, 0, 0, 0, 50, 0, 0, 0, 0, 0, 0, 0, 0, 0, 0, 0, 1, 0, 0, 0);
INSERT INTO `weapon_skill` VALUES(285, 'Fidelity Chain Sword', 10, 40, 40, 0, 50, 0, 756, 0, 0, 4);

-- Kiringku
INSERT INTO `weapon` VALUES(286, 'Fidelity Kiringku', 'Fidelity Kiringku', 'Fidelity Kiringku', 'kiringku', 'blackmithril', 10000, 3020, 6967, 0, 33, 33, 1, 0, 0, 0, 0, 0, 0, 0, 1, 0, 5, 0, 0, 0, 2, 0, 0, 0, 0, 0, 0, 5, 0, 0, 0, 0, 0, 0, 0, 1, 0, 0, 0);

-- fid items for crafting

-- bow of pretender king
INSERT INTO `weapon` VALUES(440000, 'Bow of Pretender King', 'Bow of Pretender King', 'Bow of Pretender King', 'bow', 'wood', 30000, 1652, 4254, 0, 3, 3, -1, 6, 0, 0, 0, 1, 0, 0, 0, 0, 0, 0, 0, 1, 0, 0, 0, 0, 0, 0, 0, 0, 0, 0, 0, 0, 1, 0, 0, 1, 0, 0, 0);
INSERT INTO `droplist` VALUES(45467, 'Wolf Rider', 440000, 'Bow of Pretender King', 1, 1, 1000),
(45526, 'Crimson Drake', 440000, 'Bow of Pretender King', 1, 1, 1000),
(45533, 'Phantom Knight', 440000, 'Bow of Pretender King', 1, 1, 1000),
(45577, 'Brigade Commander Dark Fencer', 440000, 'Bow of Pretender King', 1, 1, 5000),
(45588, 'Division Commander Sinclair', 440000, 'Bow of Pretender King', 1, 1, 5000),
(45607, 'Evil Power Squad Leader Kybar', 440000, 'Bow of Pretender King', 1, 1, 5000),
(45841, 'Wolf Beast Tamer', 440000, 'Bow of Pretender King', 1, 1, 1000),
(45961, 'Supreme Court Justice Ramias', 440000, 'Bow of Pretender King', 1, 1, 5000),
(46006, 'Phantom Knight', 440000, 'Bow of Pretender King', 1, 1, 5000),
(95448, 'Boss Event Supreme Court Justice Ramias', 440000, 'Bow of Pretender King', 1, 1, 3500);


-- chain sword of pretender king
INSERT INTO `weapon` VALUES(440001, 'Chain Sword of Pretender King', 'Chain Sword of Pretender King', 'Chain Sword of Pretender King', 'chainsword', 'iron', 110000, 3033, 6940, 0, 20, 15, 2, 6, 0, 0, 0, 0, 0, 1, 0, 0, 0, 0, 0, 0, 0, 0, 0, 0, 0, 0, 0, 0, 0, 0, 0, 0, 1, 0, 0, 1, 0, 0, 0);
INSERT INTO `droplist` VALUES(45467, 'Wolf Rider', 440001, 'Chain Sword of Pretender King', 1, 1, 1000),
(45526, 'Crimson Drake', 440001, 'Chain Sword of Pretender King', 1, 1, 1000),
(45533, 'Phantom Knight', 440001, 'Chain Sword of Pretender King', 1, 1, 1000),
(45577, 'Brigade Commander Dark Fencer', 440001, 'Chain Sword of Pretender King', 1, 1, 5000),
(45588, 'Division Commander Sinclair', 440001, 'Chain Sword of Pretender King', 1, 1, 5000),
(45607, 'Evil Power Squad Leader Kybar', 440001, 'Chain Sword of Pretender King', 1, 1, 5000),
(45841, 'Wolf Beast Tamer', 440001, 'Chain Sword of Pretender King', 1, 1, 1000),
(45961, 'Supreme Court Justice Ramias', 440001, 'Chain Sword of Pretender King', 1, 1, 5000),
(46006, 'Phantom Knight', 440001, 'Chain Sword of Pretender King', 1, 1, 5000),
(95448, 'Boss Event Supreme Court Justice Ramias', 440001, 'Chain Sword of Pretender King', 1, 1, 3500);

-- kiringku of pretender king
INSERT INTO `weapon` VALUES(440002, 'Kiringku of Pretender King', 'Kiringku of Pretender King', 'Kiringku of Pretender King', 'kiringku', 'gemstone', 10000, 3018, 6939, 0, 20, 20, 1, 6, 0, 0, 0, 0, 0, 0, 1, 0, 0, 0, 0, 0, 0, 0, 0, 0, 0, 0, 0, 0, 0, 0, 0, 0, 1, 0, 0, 1, 0, 0, 0);
INSERT INTO `droplist` VALUES(45467, 'Wolf Rider', 440002, 'Kiringku of Pretender King', 1, 1, 1000),
(45526, 'Crimson Drake', 440002, 'Kiringku of Pretender King', 1, 1, 1000),
(45533, 'Phantom Knight', 440002, 'Kiringku of Pretender King', 1, 1, 1000),
(45577, 'Brigade Commander Dark Fencer', 440002, 'Kiringku of Pretender King', 1, 1, 5000),
(45588, 'Division Commander Sinclair', 440002, 'Kiringku of Pretender King', 1, 1, 5000),
(45607, 'Evil Power Squad Leader Kybar', 440002, 'Kiringku of Pretender King', 1, 1, 5000),
(45841, 'Wolf Beast Tamer', 440002, 'Kiringku of Pretender King', 1, 1, 1000),
(45961, 'Supreme Court Justice Ramias', 440002, 'Kiringku of Pretender King', 1, 1, 5000),
(46006, 'Phantom Knight', 440002, 'Kiringku of Pretender King', 1, 1, 5000),
(95448, 'Boss Event Supreme Court Justice Ramias', 440002, 'Kiringku of Pretender King', 1, 1, 3500);

-- fix altar key ids
UPDATE `droplist` SET itemId = 49324 WHERE `itemId` = 50006;

-- set all upper/lower pieces to match thebes drop rates
UPDATE `droplist` SET `chance` = '50000' WHERE `itemId` IN(49314, 49315, 49316, 49317);

-- add adena to mobs in tikal
INSERT INTO `droplist` VALUES(90503,'Ecu Azte',40308,'Adena',350,500,1000000),
(90502,'Ecu Azte',40308,'Adena',350,500,1000000),
(90504,'Ecu Yuka',40308,'Adena',350,500,1000000),
(90505,'Ecu Yuka',40308,'Adena',350,500,1000000),
(90506,'Ecu Juraka',40308,'Adena',350,500,1000000),
(90507,'Ecu Juraka',40308,'Adena',350,500,1000000),
(90508,'Ecu Bla',40308,'Adena',350,500,1000000),
(90509,'Ecu Bla',40308,'Adena',350,500,1000000),
(90510,'Ecu Ette',40308,'Adena',350,500,1000000),
(90511,'Ecu Ette',40308,'Adena',350,500,1000000),
(90512,'Jad Tow',40308,'Adena',350,500,1000000),
(90513,'Jad Tow',40308,'Adena',350,500,1000000),
(90514,'Jad Ske',40308,'Adena',350,500,1000000),
(90515,'Jad Ske',40308,'Adena',350,500,1000000),
(90516,'Jad Teo',40308,'Adena',350,500,1000000),
(90517,'Jad Tow',40308,'Adena',350,500,1000000);

-- update thebes ring
UPDATE `armor` SET `regist_sleep` = 0, `regist_stun` = 5 WHERE `item_id` = 21094;

-- update phantasm probability to match stun
UPDATE `skills` SET `probability_value` = 50 WHERE `skill_id` = 212;
